Customer_ID,Recency,Frequency,Monetary,R_Score,F_Score,M_Score,RFM_Score,RFM_Total,Segment
CUST-00001,216,1,41346.911250000005,3,1,4,314,8,Needs Attention
CUST-00002,114,9,84453.61,4,5,5,455,14,Champions
CUST-00003,716,1,734.84,1,1,1,111,3,Lost Customers
CUST-00004,201,6,56537.799999999996,3,4,4,344,11,Loyal Customers
CUST-00005,13,5,92276.10250000001,5,4,5,545,14,Champions
CUST-00006,102,2,6324.38,4,2,2,422,8,Potential Loyalists
CUST-00009,217,1,8651.91,3,1,2,312,6,Needs Attention
CUST-00013,1075,1,1303.73,1,1,1,111,3,Lost Customers
CUST-00016,358,2,22639.269999999997,2,2,3,223,7,Needs Attention
CUST-00019,36,3,27556.87,5,3,3,533,11,Loyal Customers
CUST-00021,68,5,50751.75,4,4,4,444,12,Champions
CUST-00022,72,14,134370.6225,4,5,5,455,14,Champions
CUST-00024,67,9,176551.95125,4,5,5,455,14,Champions
CUST-00025,1093,1,3784.27,1,1,1,111,3,Lost Customers
CUST-00027,84,5,61744.03,4,4,4,444,12,Champions
CUST-00028,216,2,76389.47125,3,2,5,325,10,Needs Attention
CUST-00029,127,3,29050.43,4,3,3,433,10,Loyal Customers
CUST-00030,114,2,58700.50125,4,2,4,424,10,Potential Loyalists
CUST-00031,146,1,1103.17,3,1,1,311,5,Needs Attention
CUST-00033,255,5,19066.82,3,4,3,343,10,Loyal Customers
CUST-00034,36,3,45635.369999999995,5,3,4,534,12,Loyal Customers
CUST-00035,403,1,33207.04,2,1,3,213,6,Needs Attention
CUST-00037,624,1,2216.98,2,1,1,211,4,Lost Customers
CUST-00038,45,3,16311.169999999998,4,3,2,432,9,Needs Attention
CUST-00040,76,2,5948.52,4,2,2,422,8,Potential Loyalists
CUST-00041,241,5,63517.271250000005,3,4,4,344,11,Loyal Customers
CUST-00042,642,1,5082.67,1,1,2,112,4,Lost Customers
CUST-00044,526,3,18132.489999999998,2,3,3,233,8,At Risk
CUST-00045,514,3,48794.33125,2,3,4,234,9,At Risk
CUST-00047,367,1,3001.01,2,1,1,211,4,Lost Customers
CUST-00049,305,2,40795.36,3,2,3,323,8,Needs Attention
CUST-00051,970,1,9728.49,1,1,2,112,4,Lost Customers
CUST-00052,262,6,97310.70250000001,3,4,5,345,12,Loyal Customers
CUST-00053,432,1,4878.43,2,1,2,212,5,Lost Customers
CUST-00054,567,6,75560.27125,2,4,4,244,10,At Risk
CUST-00055,703,1,17573.09,1,1,3,113,5,Needs Attention
CUST-00056,50,5,106163.99125,4,4,5,445,13,Champions
CUST-00060,66,5,46490.85,4,4,4,444,12,Champions
CUST-00062,766,1,5514.41,1,1,2,112,4,Lost Customers
CUST-00063,398,6,67587.34125,2,4,4,244,10,At Risk
CUST-00066,60,2,10118.07,4,2,2,422,8,Potential Loyalists
CUST-00067,428,5,72015.88,2,4,4,244,10,At Risk
CUST-00069,4,11,122918.16,5,5,5,555,15,Champions
CUST-00070,774,1,764.2,1,1,1,111,3,Lost Customers
CUST-00071,44,3,43783.69,4,3,4,434,11,Loyal Customers
CUST-00072,45,5,42652.83,4,4,4,444,12,Champions
CUST-00073,76,2,41820.021250000005,4,2,4,424,10,Potential Loyalists
CUST-00074,748,1,3420.18,1,1,1,111,3,Lost Customers
CUST-00075,382,2,7382.48,2,2,2,222,6,Lost Customers
CUST-00077,4,1,9427.96,5,1,2,512,8,Potential Loyalists
CUST-00079,794,1,27419.41,1,1,3,113,5,Needs Attention
CUST-00082,81,1,4059.28,4,1,1,411,6,Potential Loyalists
CUST-00083,136,4,83139.23125,3,4,5,345,12,Loyal Customers
CUST-00084,4,20,196436.92,5,5,5,555,15,Champions
CUST-00085,90,2,44474.021250000005,4,2,4,424,10,Potential Loyalists
CUST-00088,446,3,14248.119999999999,2,3,2,232,7,Needs Attention
CUST-00089,587,3,53142.771250000005,2,3,4,234,9,At Risk
CUST-00092,260,3,43352.850000000006,3,3,4,334,10,Loyal Customers
CUST-00093,36,4,34695.15,5,4,3,543,12,Loyal Customers
CUST-00094,204,2,6571.1900000000005,3,2,2,322,7,Needs Attention
CUST-00096,17,17,178244.83250000002,5,5,5,555,15,Champions
CUST-00099,458,2,43613.92125000001,2,2,4,224,8,Needs Attention
CUST-00100,744,1,3008.29,1,1,1,111,3,Lost Customers
CUST-00102,760,1,4474.81,1,1,1,111,3,Lost Customers
CUST-00104,61,10,62528.96125000001,4,5,4,454,13,Champions
CUST-00105,19,2,73758.29125000001,5,2,4,524,11,Potential Loyalists
CUST-00106,43,2,31718.61,4,2,3,423,9,Potential Loyalists
CUST-00107,154,5,90291.49,3,4,5,345,12,Loyal Customers
CUST-00108,451,1,1651.78,2,1,1,211,4,Lost Customers
CUST-00110,919,1,859.7,1,1,1,111,3,Lost Customers
CUST-00111,365,1,18340.01,2,1,3,213,6,Needs Attention
CUST-00113,235,4,49953.28,3,4,4,344,11,Loyal Customers
CUST-00114,1085,1,8465.81,1,1,2,112,4,Lost Customers
CUST-00115,183,1,2784.82,3,1,1,311,5,Needs Attention
CUST-00116,204,6,66522.48125000001,3,4,4,344,11,Loyal Customers
CUST-00117,6,39,595104.3,5,5,5,555,15,Champions
CUST-00118,385,5,85800.60125,2,4,5,245,11,At Risk
CUST-00122,431,4,86702.95125000001,2,4,5,245,11,At Risk
CUST-00123,670,1,18387.46,1,1,3,113,5,Needs Attention
CUST-00124,395,4,48589.311250000006,2,4,4,244,10,At Risk
CUST-00126,1066,1,3734.2,1,1,1,111,3,Lost Customers
CUST-00128,526,1,10989.16,2,1,2,212,5,Lost Customers
CUST-00129,438,1,11825.55,2,1,2,212,5,Lost Customers
CUST-00130,82,2,19619.0,4,2,3,423,9,Potential Loyalists
CUST-00131,597,2,11918.97,2,2,2,222,6,Lost Customers
CUST-00135,52,2,13082.710000000001,4,2,2,422,8,Potential Loyalists
CUST-00137,360,1,1820.59,2,1,1,211,4,Lost Customers
CUST-00138,543,1,13369.83,2,1,2,212,5,Lost Customers
CUST-00140,7,46,664868.51125,5,5,5,555,15,Champions
CUST-00142,9,26,314084.5225,5,5,5,555,15,Champions
CUST-00143,401,1,23582.47,2,1,3,213,6,Needs Attention
CUST-00148,899,1,8328.2,1,1,2,112,4,Lost Customers
CUST-00150,49,4,46133.31,4,4,4,444,12,Champions
CUST-00151,54,3,64622.99125000001,4,3,4,434,11,Loyal Customers
CUST-00152,446,1,7500.39,2,1,2,212,5,Lost Customers
CUST-00153,372,1,3614.13,2,1,1,211,4,Lost Customers
CUST-00156,298,1,23257.91,3,1,3,313,7,Needs Attention
CUST-00157,76,1,2607.28,4,1,1,411,6,Potential Loyalists
CUST-00158,410,2,8782.21,2,2,2,222,6,Lost Customers
CUST-00159,600,2,1707.04,2,2,1,221,5,Lost Customers
CUST-00160,7,25,247888.40125,5,5,5,555,15,Champions
CUST-00161,74,10,67449.5,4,5,4,454,13,Champions
CUST-00164,1,328,3986013.4362500003,5,5,5,555,15,Champions
CUST-00166,758,1,1120.58,1,1,1,111,3,Lost Customers
CUST-00167,87,5,60486.84,4,4,4,444,12,Champions
CUST-00169,1,9,145692.14250000002,5,5,5,555,15,Champions
CUST-00170,417,4,6197.04,2,4,2,242,8,Needs Attention
CUST-00171,342,2,4751.05,3,2,1,321,6,Needs Attention
CUST-00172,938,1,861.13,1,1,1,111,3,Lost Customers
CUST-00173,42,10,103783.01,4,5,5,455,14,Champions
CUST-00174,18,7,26531.55,5,5,3,553,13,Loyal Customers
CUST-00175,790,1,39839.83,1,1,3,113,5,Needs Attention
CUST-00176,469,2,11625.02,2,2,2,222,6,Lost Customers
CUST-00177,44,5,61533.24125000001,4,4,4,444,12,Champions
CUST-00178,95,2,16559.620000000003,4,2,2,422,8,Potential Loyalists
CUST-00179,6,28,390321.44375000003,5,5,5,555,15,Champions
CUST-00184,85,6,39492.65,4,4,3,443,11,Loyal Customers
CUST-00186,28,4,25431.41,5,4,3,543,12,Loyal Customers
CUST-00187,46,15,160211.4525,4,5,5,455,14,Champions
CUST-00194,595,1,7648.28,2,1,2,212,5,Lost Customers
CUST-00195,636,2,2275.83,1,2,1,121,4,Lost Customers
CUST-00196,107,3,46645.69125,4,3,4,434,11,Loyal Customers
CUST-00197,430,2,5471.01,2,2,2,222,6,Lost Customers
CUST-00198,33,15,205176.46375000002,5,5,5,555,15,Champions
CUST-00200,572,1,5091.58,2,1,2,212,5,Lost Customers
CUST-00201,288,2,3558.08,3,2,1,321,6,Needs Attention
CUST-00202,18,11,214328.67250000002,5,5,5,555,15,Champions
CUST-00203,760,1,1447.96,1,1,1,111,3,Lost Customers
CUST-00204,994,2,44491.93125,1,2,4,124,7,Needs Attention
CUST-00205,259,1,1760.1,3,1,1,311,5,Needs Attention
CUST-00207,24,2,2163.91,5,2,1,521,8,Potential Loyalists
CUST-00209,11,22,209540.5425,5,5,5,555,15,Champions
CUST-00211,226,2,2322.7799999999997,3,2,1,321,6,Needs Attention
CUST-00212,65,11,160926.8825,4,5,5,455,14,Champions
CUST-00213,419,1,14772.72,2,1,2,212,5,Lost Customers
CUST-00214,361,3,86310.45125000001,2,3,5,235,10,At Risk
CUST-00215,65,1,4070.96,4,1,1,411,6,Potential Loyalists
CUST-00217,391,1,25501.29,2,1,3,213,6,Needs Attention
CUST-00218,89,2,5403.61,4,2,2,422,8,Potential Loyalists
CUST-00219,7,6,21242.43,5,4,3,543,12,Loyal Customers
CUST-00220,171,2,43397.54125,3,2,4,324,9,Needs Attention
CUST-00221,181,7,98452.28125,3,5,5,355,13,Loyal Customers
CUST-00222,24,16,213662.04375,5,5,5,555,15,Champions
CUST-00223,1095,1,984.01,1,1,1,111,3,Lost Customers
CUST-00225,648,1,9140.3,1,1,2,112,4,Lost Customers
CUST-00226,312,6,53265.32,3,4,4,344,11,Loyal Customers
CUST-00227,43,13,195639.37250000003,4,5,5,455,14,Champions
CUST-00229,13,11,117698.98,5,5,5,555,15,Champions
CUST-00232,957,1,2564.44,1,1,1,111,3,Lost Customers
CUST-00233,395,2,3093.17,2,2,1,221,5,Lost Customers
CUST-00234,8,8,187721.4425,5,5,5,555,15,Champions
CUST-00235,14,4,51537.881250000006,5,4,4,544,13,Champions
CUST-00236,301,7,123644.76,3,5,5,355,13,Loyal Customers
CUST-00238,264,1,10713.96,3,1,2,312,6,Needs Attention
CUST-00239,18,67,878873.06625,5,5,5,555,15,Champions
CUST-00240,12,7,82594.51,5,5,5,555,15,Champions
CUST-00241,40,4,70526.09,5,4,4,544,13,Champions
CUST-00244,53,3,25927.27,4,3,3,433,10,Loyal Customers
CUST-00245,19,12,123355.63125,5,5,5,555,15,Champions
CUST-00248,363,2,4607.110000000001,2,2,1,221,5,Lost Customers
CUST-00249,105,3,17892.39,4,3,3,433,10,Loyal Customers
CUST-00250,109,31,351243.16500000004,4,5,5,455,14,Champions
CUST-00252,737,1,3233.08,1,1,1,111,3,Lost Customers
CUST-00253,421,4,83441.43125,2,4,5,245,11,At Risk
CUST-00254,3,3,57758.17125000001,5,3,4,534,12,Loyal Customers
CUST-00255,16,1,5091.18,5,1,2,512,8,Potential Loyalists
CUST-00256,96,4,109887.75250000002,4,4,5,445,13,Champions
CUST-00257,76,2,9449.33,4,2,2,422,8,Potential Loyalists
CUST-00258,48,7,99613.93125,4,5,5,455,14,Champions
CUST-00259,19,4,51618.17,5,4,4,544,13,Champions
CUST-00260,754,2,45098.36125,1,2,4,124,7,Needs Attention
CUST-00262,706,2,41939.21125000001,1,2,4,124,7,Needs Attention
CUST-00263,776,2,3602.2299999999996,1,2,1,121,4,Lost Customers
CUST-00264,310,6,80740.71125000001,3,4,5,345,12,Loyal Customers
CUST-00265,239,3,72919.51125000001,3,3,4,334,10,Loyal Customers
CUST-00266,89,5,26195.18,4,4,3,443,11,Loyal Customers
CUST-00267,143,1,3386.89,3,1,1,311,5,Needs Attention
CUST-00268,13,2,13791.7,5,2,2,522,9,Potential Loyalists
CUST-00269,62,2,24682.66,4,2,3,423,9,Potential Loyalists
CUST-00270,10,7,56863.74,5,5,4,554,14,Champions
CUST-00271,5,38,489459.655,5,5,5,555,15,Champions
CUST-00272,111,1,1471.89,4,1,1,411,6,Potential Loyalists
CUST-00273,107,3,25276.57,4,3,3,433,10,Loyal Customers
CUST-00275,170,2,12755.099999999999,3,2,2,322,7,Needs Attention
CUST-00276,91,3,31327.04,4,3,3,433,10,Loyal Customers
CUST-00278,1078,1,2569.35,1,1,1,111,3,Lost Customers
CUST-00279,92,19,210545.97125,4,5,5,455,14,Champions
CUST-00281,20,10,96751.45999999999,5,5,5,555,15,Champions
CUST-00282,134,16,259739.37125,4,5,5,455,14,Champions
CUST-00283,960,1,41346.911250000005,1,1,4,114,6,Needs Attention
CUST-00284,82,3,56045.301250000004,4,3,4,434,11,Loyal Customers
CUST-00285,44,2,49528.79125,4,2,4,424,10,Potential Loyalists
CUST-00286,460,4,46600.36,2,4,4,244,10,At Risk
CUST-00287,894,2,22218.28,1,2,3,123,6,Needs Attention
CUST-00288,1055,1,436.73,1,1,1,111,3,Lost Customers
CUST-00289,842,1,41346.911250000005,1,1,4,114,6,Needs Attention
CUST-00292,3,1,2211.35,5,1,1,511,7,Potential Loyalists
CUST-00294,650,1,8644.29,1,1,2,112,4,Lost Customers
CUST-00296,350,6,87113.59,3,4,5,345,12,Loyal Customers
CUST-00297,652,1,4199.22,1,1,1,111,3,Lost Customers
CUST-00298,5,3,47614.45,5,3,4,534,12,Loyal Customers
CUST-00299,26,16,162026.79125,5,5,5,555,15,Champions
CUST-00300,51,4,10848.599999999999,4,4,2,442,10,Needs Attention
CUST-00301,108,4,101292.65125,4,4,5,445,13,Champions
CUST-00302,365,2,2308.51,2,2,1,221,5,Lost Customers
CUST-00303,180,4,18430.01,3,4,3,343,10,Loyal Customers
CUST-00304,29,5,66214.52125,5,4,4,544,13,Champions
CUST-00305,9,1,18473.36,5,1,3,513,9,Potential Loyalists
CUST-00307,345,1,3455.04,3,1,1,311,5,Needs Attention
CUST-00309,117,1,11400.22,4,1,2,412,7,Potential Loyalists
CUST-00311,168,5,94091.2225,3,4,5,345,12,Loyal Customers
CUST-00314,902,1,16399.85,1,1,2,112,4,Lost Customers
CUST-00315,356,2,3683.9399999999996,2,2,1,221,5,Lost Customers
CUST-00317,343,1,2544.78,3,1,1,311,5,Needs Attention
CUST-00318,753,1,1767.99,1,1,1,111,3,Lost Customers
CUST-00319,402,1,13302.19,2,1,2,212,5,Lost Customers
CUST-00320,271,3,29144.190000000002,3,3,3,333,9,Loyal Customers
CUST-00322,338,1,7838.99,3,1,2,312,6,Needs Attention
CUST-00323,638,1,3993.59,1,1,1,111,3,Lost Customers
CUST-00325,156,1,6058.86,3,1,2,312,6,Needs Attention
CUST-00327,41,2,16060.09,5,2,2,522,9,Potential Loyalists
CUST-00328,26,39,433326.31375000003,5,5,5,555,15,Champions
CUST-00329,89,5,55291.270000000004,4,4,4,444,12,Champions
CUST-00330,337,13,119070.29,3,5,5,355,13,Loyal Customers
CUST-00331,694,1,3195.27,1,1,1,111,3,Lost Customers
CUST-00333,244,1,1837.6,3,1,1,311,5,Needs Attention
CUST-00334,174,1,16918.85,3,1,2,312,6,Needs Attention
CUST-00335,61,4,34641.64,4,4,3,443,11,Loyal Customers
CUST-00336,27,8,52388.46,5,5,4,554,14,Champions
CUST-00337,484,2,7207.990000000001,2,2,2,222,6,Lost Customers
CUST-00338,368,2,43273.42125000001,2,2,4,224,8,Needs Attention
CUST-00339,818,1,14133.08,1,1,2,112,4,Lost Customers
CUST-00340,185,2,16876.68,3,2,2,322,7,Needs Attention
CUST-00342,12,9,115179.43125000001,5,5,5,555,15,Champions
CUST-00343,347,1,3397.15,3,1,1,311,5,Needs Attention
CUST-00344,539,1,2874.9,2,1,1,211,4,Lost Customers
CUST-00345,36,20,187378.02125,5,5,5,555,15,Champions
CUST-00346,88,11,191567.95500000002,4,5,5,455,14,Champions
CUST-00347,580,3,52064.121250000004,2,3,4,234,9,At Risk
CUST-00348,761,1,2723.99,1,1,1,111,3,Lost Customers
CUST-00349,14,2,46016.201250000006,5,2,4,524,11,Potential Loyalists
CUST-00350,1050,1,2853.71,1,1,1,111,3,Lost Customers
CUST-00351,434,1,41346.911250000005,2,1,4,214,7,Needs Attention
CUST-00354,395,4,74050.45125,2,4,4,244,10,At Risk
CUST-00355,736,1,488.93,1,1,1,111,3,Lost Customers
CUST-00356,996,1,1641.35,1,1,1,111,3,Lost Customers
CUST-00357,356,1,41346.911250000005,2,1,4,214,7,Needs Attention
CUST-00358,884,1,4263.19,1,1,1,111,3,Lost Customers
CUST-00359,851,2,39442.61,1,2,3,123,6,Needs Attention
CUST-00360,766,1,12053.35,1,1,2,112,4,Lost Customers
CUST-00361,13,11,38043.53,5,5,3,553,13,Loyal Customers
CUST-00362,707,1,2791.03,1,1,1,111,3,Lost Customers
CUST-00363,11,6,97937.02,5,4,5,545,14,Champions
CUST-00367,95,8,116794.45999999999,4,5,5,455,14,Champions
CUST-00368,130,8,136989.68250000002,4,5,5,455,14,Champions
CUST-00369,8,3,25562.769999999997,5,3,3,533,11,Loyal Customers
CUST-00370,9,75,846976.34,5,5,5,555,15,Champions
CUST-00371,745,1,41346.911250000005,1,1,4,114,6,Needs Attention
CUST-00372,202,3,6822.84,3,3,2,332,8,Needs Attention
CUST-00373,966,1,5274.18,1,1,2,112,4,Lost Customers
CUST-00374,759,1,3920.97,1,1,1,111,3,Lost Customers
CUST-00375,445,1,2640.33,2,1,1,211,4,Lost Customers
CUST-00376,55,5,75351.57125000001,4,4,4,444,12,Champions
CUST-00377,381,4,20326.41,2,4,3,243,9,At Risk
CUST-00378,291,1,16949.32,3,1,3,313,7,Needs Attention
CUST-00379,358,1,4730.86,2,1,1,211,4,Lost Customers
CUST-00380,210,1,15520.8,3,1,2,312,6,Needs Attention
CUST-00381,302,3,16389.9,3,3,2,332,8,Needs Attention
CUST-00382,394,2,8031.95,2,2,2,222,6,Lost Customers
CUST-00383,57,3,7771.25,4,3,2,432,9,Needs Attention
CUST-00385,333,1,2948.71,3,1,1,311,5,Needs Attention
CUST-00387,348,8,104831.78125000001,3,5,5,355,13,Loyal Customers
CUST-00390,249,1,5841.8,3,1,2,312,6,Needs Attention
CUST-00391,700,1,2135.33,1,1,1,111,3,Lost Customers
CUST-00392,90,2,34726.89,4,2,3,423,9,Potential Loyalists
CUST-00393,2,4,87876.49250000001,5,4,5,545,14,Champions
CUST-00394,421,1,20406.14,2,1,3,213,6,Needs Attention
CUST-00397,253,4,59222.8,3,4,4,344,11,Loyal Customers
CUST-00398,173,5,83673.84125,3,4,5,345,12,Loyal Customers
CUST-00399,366,2,17894.46,2,2,3,223,7,Needs Attention
CUST-00401,4,1,24325.16,5,1,3,513,9,Potential Loyalists
CUST-00403,342,1,2659.91,3,1,1,311,5,Needs Attention
CUST-00404,502,1,41346.911250000005,2,1,4,214,7,Needs Attention
CUST-00406,814,2,4758.8099999999995,1,2,1,121,4,Lost Customers
CUST-00407,254,6,21733.09,3,4,3,343,10,Loyal Customers
CUST-00408,623,2,12800.320000000002,2,2,2,222,6,Lost Customers
CUST-00409,155,4,31272.19,3,4,3,343,10,Loyal Customers
CUST-00411,73,3,56666.57,4,3,4,434,11,Loyal Customers
CUST-00413,817,1,2141.47,1,1,1,111,3,Lost Customers
CUST-00414,570,3,28693.440000000002,2,3,3,233,8,At Risk
CUST-00416,446,4,41051.31,2,4,3,243,9,At Risk
CUST-00418,30,3,70442.57,5,3,4,534,12,Loyal Customers
CUST-00420,20,4,41174.159999999996,5,4,3,543,12,Loyal Customers
CUST-00422,815,1,1763.9,1,1,1,111,3,Lost Customers
CUST-00424,120,3,5727.0199999999995,4,3,2,432,9,Needs Attention
CUST-00427,244,3,24948.69,3,3,3,333,9,Loyal Customers
CUST-00430,431,1,41346.911250000005,2,1,4,214,7,Needs Attention
CUST-00431,71,6,57045.28125000001,4,4,4,444,12,Champions
CUST-00432,312,2,3070.95,3,2,1,321,6,Needs Attention
CUST-00433,965,1,15002.12,1,1,2,112,4,Lost Customers
CUST-00437,24,2,21591.61,5,2,3,523,10,Potential Loyalists
CUST-00438,96,2,7072.17,4,2,2,422,8,Potential Loyalists
CUST-00440,22,6,49377.62,5,4,4,544,13,Champions
CUST-00442,234,1,8659.56,3,1,2,312,6,Needs Attention
CUST-00443,14,2,12849.41,5,2,2,522,9,Potential Loyalists
CUST-00444,90,8,88899.64,4,5,5,455,14,Champions
CUST-00445,26,1,11763.61,5,1,2,512,8,Potential Loyalists
CUST-00447,7,2,12214.759999999998,5,2,2,522,9,Potential Loyalists
CUST-00448,74,2,9149.23,4,2,2,422,8,Potential Loyalists
CUST-00450,338,1,18770.15,3,1,3,313,7,Needs Attention
CUST-00451,57,3,124040.73375000001,4,3,5,435,12,Loyal Customers
CUST-00452,761,1,1645.5,1,1,1,111,3,Lost Customers
CUST-00453,180,10,107938.03,3,5,5,355,13,Loyal Customers
CUST-00455,40,20,346948.34500000003,5,5,5,555,15,Champions
CUST-00456,15,30,372655.50625000003,5,5,5,555,15,Champions
CUST-00457,560,1,1604.05,2,1,1,211,4,Lost Customers
CUST-00461,758,1,16652.31,1,1,2,112,4,Lost Customers
CUST-00462,211,2,11331.36,3,2,2,322,7,Needs Attention
CUST-00463,732,1,2461.55,1,1,1,111,3,Lost Customers
CUST-00464,76,3,7463.4400000000005,4,3,2,432,9,Needs Attention
CUST-00465,727,2,43048.72,1,2,4,124,7,Needs Attention
CUST-00466,398,1,5619.23,2,1,2,212,5,Lost Customers
CUST-00468,354,3,42700.18,3,3,4,334,10,Loyal Customers
CUST-00469,261,6,77556.97125,3,4,5,345,12,Loyal Customers
CUST-00472,199,1,1905.76,3,1,1,311,5,Needs Attention
CUST-00474,217,10,208262.09125,3,5,5,355,13,Loyal Customers
CUST-00475,225,3,19728.92,3,3,3,333,9,Loyal Customers
CUST-00476,48,5,80183.57125000001,4,4,5,445,13,Champions
CUST-00477,705,2,11639.28,1,2,2,122,5,Lost Customers
CUST-00481,36,3,4219.9400000000005,5,3,1,531,9,Needs Attention
CUST-00483,94,5,61818.48999999999,4,4,4,444,12,Champions
CUST-00484,362,2,41652.301250000004,2,2,4,224,8,Needs Attention
CUST-00486,423,1,461.55,2,1,1,211,4,Lost Customers
CUST-00487,155,4,57999.06,3,4,4,344,11,Loyal Customers
CUST-00488,7,2,16465.6,5,2,2,522,9,Potential Loyalists
CUST-00489,100,5,97971.81250000001,4,4,5,445,13,Champions
CUST-00491,393,2,14897.37,2,2,2,222,6,Lost Customers
CUST-00492,13,9,132920.90125,5,5,5,555,15,Champions
CUST-00493,372,5,15733.61,2,4,2,242,8,Needs Attention
CUST-00494,758,1,638.8,1,1,1,111,3,Lost Customers
CUST-00497,7,18,224234.37125,5,5,5,555,15,Champions
CUST-00499,784,2,25568.12,1,2,3,123,6,Needs Attention
CUST-00500,211,5,45336.48,3,4,4,344,11,Loyal Customers
CUST-00501,107,10,123210.71125000001,4,5,5,455,14,Champions
CUST-00502,42,4,85591.0025,4,4,5,445,13,Champions
CUST-00503,56,3,18488.4,4,3,3,433,10,Loyal Customers
CUST-00504,334,3,37560.950000000004,3,3,3,333,9,Loyal Customers
CUST-00505,75,5,139280.4525,4,4,5,445,13,Champions
CUST-00507,675,3,42769.84,1,3,4,134,8,At Risk
CUST-00508,30,1,3339.93,5,1,1,511,7,Potential Loyalists
CUST-00509,49,4,26328.03,4,4,3,443,11,Loyal Customers
CUST-00510,407,1,2584.72,2,1,1,211,4,Lost Customers
CUST-00514,40,19,158454.33125000002,5,5,5,555,15,Champions
CUST-00516,354,1,2001.38,3,1,1,311,5,Needs Attention
CUST-00517,1084,1,26629.78,1,1,3,113,5,Needs Attention
CUST-00518,78,1,14391.17,4,1,2,412,7,Potential Loyalists
CUST-00519,446,2,42643.61125,2,2,4,224,8,Needs Attention
CUST-00520,32,6,120482.70125,5,5,5,555,15,Champions
CUST-00521,55,6,75399.22,4,5,4,454,13,Champions
CUST-00523,8,4,19678.09,5,4,3,543,12,Loyal Customers
CUST-00524,391,2,5007.16,2,2,2,222,6,Lost Customers
CUST-00525,50,8,128499.10125,4,5,5,455,14,Champions
CUST-00528,272,2,29068.29,3,2,3,323,8,Needs Attention
CUST-00529,82,4,26686.62,4,4,3,443,11,Loyal Customers
CUST-00531,89,3,53610.60125000001,4,3,4,434,11,Loyal Customers
CUST-00533,279,1,3315.23,3,1,1,311,5,Needs Attention
CUST-00534,12,2,41923.04125,5,2,4,524,11,Potential Loyalists
CUST-00535,769,1,1625.32,1,1,1,111,3,Lost Customers
CUST-00536,1066,1,4050.23,1,1,1,111,3,Lost Customers
CUST-00537,314,2,16081.52,3,2,2,322,7,Needs Attention
CUST-00538,10,73,894917.9762500001,5,5,5,555,15,Champions
CUST-00542,714,1,41346.911250000005,1,1,4,114,6,Needs Attention
CUST-00543,179,4,45755.57000000001,3,4,4,344,11,Loyal Customers
CUST-00545,53,1,15580.65,4,1,2,412,7,Potential Loyalists
CUST-00546,23,3,51841.85125000001,5,3,4,534,12,Loyal Customers
CUST-00549,209,2,5073.6,3,2,2,322,7,Needs Attention
CUST-00550,3,45,606884.51625,5,5,5,555,15,Champions
CUST-00551,149,6,45974.600000000006,3,5,4,354,12,Loyal Customers
CUST-00552,1,6,69455.20125000001,5,5,4,554,14,Champions
CUST-00553,81,10,151098.3725,4,5,5,455,14,Champions
CUST-00554,681,1,931.1,1,1,1,111,3,Lost Customers
CUST-00555,32,6,74357.86,5,5,4,554,14,Champions
CUST-00556,227,10,101630.2,3,5,5,355,13,Loyal Customers
CUST-00558,1091,1,2347.08,1,1,1,111,3,Lost Customers
CUST-00559,25,9,106233.53125,5,5,5,555,15,Champions
CUST-00562,58,5,95714.08,4,4,5,445,13,Champions
CUST-00563,1077,1,2050.22,1,1,1,111,3,Lost Customers
CUST-00568,16,2,10125.89,5,2,2,522,9,Potential Loyalists
CUST-00569,739,1,7874.42,1,1,2,112,4,Lost Customers
CUST-00570,450,1,4671.35,2,1,1,211,4,Lost Customers
CUST-00571,7,4,29746.519999999997,5,4,3,543,12,Loyal Customers
CUST-00572,813,2,38341.5,1,2,3,123,6,Needs Attention
CUST-00573,77,3,23274.629999999997,4,3,3,433,10,Loyal Customers
CUST-00574,402,4,17526.190000000002,2,4,3,243,9,At Risk
CUST-00575,897,1,4454.29,1,1,1,111,3,Lost Customers
CUST-00576,84,1,12279.5,4,1,2,412,7,Potential Loyalists
CUST-00579,294,1,11807.78,3,1,2,312,6,Needs Attention
CUST-00583,11,10,98185.49125,5,5,5,555,15,Champions
CUST-00584,347,3,80831.17125000001,3,3,5,335,11,Loyal Customers
CUST-00585,345,4,73525.29125000001,3,4,4,344,11,Loyal Customers
CUST-00586,854,1,3421.8,1,1,1,111,3,Lost Customers
CUST-00587,1056,1,1908.48,1,1,1,111,3,Lost Customers
CUST-00588,1055,1,21699.93,1,1,3,113,5,Needs Attention
CUST-00589,23,3,45184.18,5,3,4,534,12,Loyal Customers
CUST-00590,396,1,1507.61,2,1,1,211,4,Lost Customers
CUST-00591,209,4,53025.86,3,4,4,344,11,Loyal Customers
CUST-00594,664,2,8138.049999999999,1,2,2,122,5,Lost Customers
CUST-00596,2,271,3166936.37,5,5,5,555,15,Champions
CUST-00597,97,4,34792.280000000006,4,4,3,443,11,Loyal Customers
CUST-00598,561,3,42676.801250000004,2,3,4,234,9,At Risk
CUST-00599,326,2,36444.9,3,2,3,323,8,Needs Attention
CUST-00601,1093,1,19109.74,1,1,3,113,5,Needs Attention
CUST-00602,11,6,25889.059999999998,5,5,3,553,13,Loyal Customers
CUST-00603,33,2,11462.95,5,2,2,522,9,Potential Loyalists
CUST-00604,308,1,6107.15,3,1,2,312,6,Needs Attention
CUST-00605,775,1,1830.03,1,1,1,111,3,Lost Customers
CUST-00606,368,3,23073.62,2,3,3,233,8,At Risk
CUST-00607,964,1,4248.25,1,1,1,111,3,Lost Customers
CUST-00608,428,1,41346.911250000005,2,1,4,214,7,Needs Attention
CUST-00611,53,2,27693.09,4,2,3,423,9,Potential Loyalists
CUST-00612,234,4,63307.54,3,4,4,344,11,Loyal Customers
CUST-00613,79,4,51403.481250000004,4,4,4,444,12,Champions
CUST-00615,41,24,389726.275,5,5,5,555,15,Champions
CUST-00617,295,2,3833.75,3,2,1,321,6,Needs Attention
CUST-00619,78,1,1035.6,4,1,1,411,6,Potential Loyalists
CUST-00620,756,1,1418.67,1,1,1,111,3,Lost Customers
CUST-00621,5,16,217263.99250000002,5,5,5,555,15,Champions
CUST-00623,29,2,4033.9900000000002,5,2,1,521,8,Potential Loyalists
CUST-00624,107,2,65942.53125,4,2,4,424,10,Potential Loyalists
CUST-00625,734,2,22044.53,1,2,3,123,6,Needs Attention
CUST-00626,146,2,8952.220000000001,3,2,2,322,7,Needs Attention
CUST-00628,67,5,113709.34250000001,4,4,5,445,13,Champions
CUST-00629,738,1,41346.911250000005,1,1,4,114,6,Needs Attention
CUST-00630,385,3,57781.64125,2,3,4,234,9,At Risk
CUST-00632,354,2,12768.05,3,2,2,322,7,Needs Attention
CUST-00633,91,6,49114.14,4,5,4,454,13,Champions
CUST-00635,402,1,19339.22,2,1,3,213,6,Needs Attention
CUST-00639,102,2,23178.06,4,2,3,423,9,Potential Loyalists
CUST-00642,192,3,22659.54,3,3,3,333,9,Loyal Customers
CUST-00645,142,2,14377.8,3,2,2,322,7,Needs Attention
CUST-00648,439,1,41346.911250000005,2,1,4,214,7,Needs Attention
CUST-00652,275,6,70199.41125,3,5,4,354,12,Loyal Customers
CUST-00654,221,3,27522.54,3,3,3,333,9,Loyal Customers
CUST-00655,315,6,50957.06,3,5,4,354,12,Loyal Customers
CUST-00656,242,1,3781.51,3,1,1,311,5,Needs Attention
CUST-00658,21,11,79532.45125000001,5,5,5,555,15,Champions
CUST-00659,357,5,106396.26250000001,2,4,5,245,11,At Risk
CUST-00660,727,1,1602.95,1,1,1,111,3,Lost Customers
CUST-00661,34,5,17041.51,5,4,3,543,12,Loyal Customers
CUST-00662,15,3,22952.95,5,3,3,533,11,Loyal Customers
CUST-00663,13,4,83401.11125000002,5,4,5,545,14,Champions
CUST-00664,367,1,11016.36,2,1,2,212,5,Lost Customers
CUST-00665,58,1,23381.13,4,1,3,413,8,Potential Loyalists
CUST-00666,154,2,19330.88,3,2,3,323,8,Needs Attention
CUST-00667,448,4,83117.92000000001,2,4,5,245,11,At Risk
CUST-00668,50,4,154665.9525,4,4,5,445,13,Champions
CUST-00671,428,2,3646.9700000000003,2,2,1,221,5,Lost Customers
CUST-00672,272,1,879.35,3,1,1,311,5,Needs Attention
CUST-00673,768,1,705.24,1,1,1,111,3,Lost Customers
CUST-00674,529,2,4008.4100000000003,2,2,1,221,5,Lost Customers
CUST-00675,248,1,41346.911250000005,3,1,4,314,8,Needs Attention
CUST-00676,246,2,4970.77,3,2,2,322,7,Needs Attention
CUST-00677,61,7,143769.08125,4,5,5,455,14,Champions
CUST-00678,140,4,16270.76,3,4,2,342,9,Needs Attention
CUST-00679,68,5,27232.809999999998,4,4,3,443,11,Loyal Customers
CUST-00680,39,10,102361.29,5,5,5,555,15,Champions
CUST-00681,90,5,25430.03,4,4,3,443,11,Loyal Customers
CUST-00684,762,1,26623.08,1,1,3,113,5,Needs Attention
CUST-00685,236,2,21496.760000000002,3,2,3,323,8,Needs Attention
CUST-00686,662,2,5508.29,1,2,2,122,5,Lost Customers
CUST-00687,145,6,75138.08125000002,3,5,4,354,12,Loyal Customers
CUST-00688,841,2,19599.18,1,2,3,123,6,Needs Attention
CUST-00689,16,3,39035.200000000004,5,3,3,533,11,Loyal Customers
CUST-00690,515,2,43160.381250000006,2,2,4,224,8,Needs Attention
CUST-00691,814,1,4361.19,1,1,1,111,3,Lost Customers
CUST-00692,86,1,3279.21,4,1,1,411,6,Potential Loyalists
CUST-00693,401,3,36795.55,2,3,3,233,8,At Risk
CUST-00694,131,1,2860.79,4,1,1,411,6,Potential Loyalists
CUST-00697,841,1,3008.57,1,1,1,111,3,Lost Customers
CUST-00700,293,1,5477.47,3,1,2,312,6,Needs Attention
CUST-00702,202,1,23937.06,3,1,3,313,7,Needs Attention
CUST-00704,285,6,129478.11125,3,5,5,355,13,Loyal Customers
CUST-00705,722,1,1362.15,1,1,1,111,3,Lost Customers
CUST-00706,415,4,53132.9,2,4,4,244,10,At Risk
CUST-00707,72,4,50252.29,4,4,4,444,12,Champions
CUST-00709,799,1,8398.57,1,1,2,112,4,Lost Customers
CUST-00710,400,2,2724.27,2,2,1,221,5,Lost Customers
CUST-00711,358,1,1874.01,2,1,1,211,4,Lost Customers
CUST-00712,572,1,18906.94,2,1,3,213,6,Needs Attention
CUST-00717,764,1,36049.27,1,1,3,113,5,Needs Attention
CUST-00718,73,13,272039.505,4,5,5,455,14,Champions
CUST-00719,94,1,5992.1,4,1,2,412,7,Potential Loyalists
CUST-00720,350,5,101524.4,3,4,5,345,12,Loyal Customers
CUST-00722,777,2,6132.490000000001,1,2,2,122,5,Lost Customers
CUST-00723,135,5,49632.369999999995,3,4,4,344,11,Loyal Customers
CUST-00724,89,2,4614.84,4,2,1,421,7,Potential Loyalists
CUST-00725,14,2,9088.45,5,2,2,522,9,Potential Loyalists
CUST-00726,192,2,37233.94,3,2,3,323,8,Needs Attention
CUST-00727,136,5,37894.98,3,4,3,343,10,Loyal Customers
CUST-00728,873,2,3089.87,1,2,1,121,4,Lost Customers
CUST-00729,214,2,71453.27125,3,2,4,324,9,Needs Attention
CUST-00730,110,5,67265.33125,4,4,4,444,12,Champions
CUST-00731,506,1,619.29,2,1,1,211,4,Lost Customers
CUST-00732,325,4,45932.85125000001,3,4,4,344,11,Loyal Customers
CUST-00734,658,1,3050.58,1,1,1,111,3,Lost Customers
CUST-00735,122,1,13002.96,4,1,2,412,7,Potential Loyalists
CUST-00736,278,2,44874.951250000006,3,2,4,324,9,Needs Attention
CUST-00737,448,1,1139.06,2,1,1,211,4,Lost Customers
CUST-00739,65,5,31031.11,4,4,3,443,11,Loyal Customers
CUST-00741,27,37,421513.10625,5,5,5,555,15,Champions
CUST-00743,29,1,1898.81,5,1,1,511,7,Potential Loyalists
CUST-00744,58,1,1726.63,4,1,1,411,6,Potential Loyalists
CUST-00745,649,2,27374.17,1,2,3,123,6,Needs Attention
CUST-00747,48,21,313761.2425,4,5,5,455,14,Champions
CUST-00754,11,14,228167.92375000002,5,5,5,555,15,Champions
CUST-00756,4,2,25894.52,5,2,3,523,10,Potential Loyalists
CUST-00757,590,2,12946.630000000001,2,2,2,222,6,Lost Customers
CUST-00758,513,4,123977.5525,2,4,5,245,11,At Risk
CUST-00762,57,1,6136.75,4,1,2,412,7,Potential Loyalists
CUST-00763,77,6,79170.37125,4,5,5,455,14,Champions
CUST-00764,3,2,20868.85,5,2,3,523,10,Potential Loyalists
CUST-00766,37,3,47890.63,5,3,4,534,12,Loyal Customers
CUST-00770,38,6,80601.11125,5,5,5,555,15,Champions
CUST-00771,332,2,2285.0699999999997,3,3,1,331,7,Needs Attention
CUST-00772,1013,1,23533.74,1,1,3,113,5,Needs Attention
CUST-00773,193,4,39650.49,3,4,3,343,10,Loyal Customers
CUST-00774,383,1,19257.72,2,1,3,213,6,Needs Attention
CUST-00775,28,8,29529.550000000003,5,5,3,553,13,Loyal Customers
CUST-00777,195,12,113377.44,3,5,5,355,13,Loyal Customers
CUST-00779,6,2,31327.34,5,3,3,533,11,Loyal Customers
CUST-00780,1011,1,1456.56,1,1,1,111,3,Lost Customers
CUST-00781,35,3,17510.53,5,3,3,533,11,Loyal Customers
CUST-00782,148,2,28720.960000000003,3,3,3,333,9,Loyal Customers
CUST-00784,89,1,1342.21,4,1,1,411,6,Potential Loyalists
CUST-00785,29,10,226498.5725,5,5,5,555,15,Champions
CUST-00787,373,3,31040.14,2,3,3,233,8,At Risk
CUST-00788,27,3,29862.11,5,3,3,533,11,Loyal Customers
CUST-00790,755,2,4102.1900000000005,1,3,1,131,5,Needs Attention
CUST-00792,12,4,66296.30125,5,4,4,544,13,Champions
CUST-00793,578,1,3767.59,2,1,1,211,4,Lost Customers
CUST-00794,56,4,87424.96,4,4,5,445,13,Champions
CUST-00796,25,1,24210.04,5,1,3,513,9,Potential Loyalists
CUST-00798,386,2,29049.81,2,3,3,233,8,At Risk
CUST-00799,392,5,39598.67,2,4,3,243,9,At Risk
CUST-00800,395,1,23787.63,2,1,3,213,6,Needs Attention
CUST-00801,18,14,101811.68125000001,5,5,5,555,15,Champions
CUST-00802,399,1,5166.42,2,1,2,212,5,Lost Customers
CUST-00805,373,2,10785.06,2,3,2,232,7,Needs Attention
CUST-00806,178,1,1311.52,3,1,1,311,5,Needs Attention
CUST-00807,416,1,41346.911250000005,2,1,4,214,7,Needs Attention
CUST-00808,343,2,26852.73,3,3,3,333,9,Loyal Customers
CUST-00809,798,1,7607.55,1,1,2,112,4,Lost Customers
CUST-00810,356,5,87093.12125,2,4,5,245,11,At Risk
CUST-00811,29,10,55774.090000000004,5,5,4,554,14,Champions
CUST-00813,304,9,82396.95125,3,5,5,355,13,Loyal Customers
CUST-00814,641,1,1554.18,1,1,1,111,3,Lost Customers
CUST-00815,77,2,53286.66,4,3,4,434,11,Loyal Customers
CUST-00816,711,1,24800.85,1,1,3,113,5,Needs Attention
CUST-00817,700,1,4778.49,1,1,1,111,3,Lost Customers
CUST-00818,453,2,17541.49,2,3,3,233,8,At Risk
CUST-00819,117,6,85871.28,4,5,5,455,14,Champions
CUST-00820,253,5,19743.870000000003,3,4,3,343,10,Loyal Customers
CUST-00821,733,3,14527.67,1,3,2,132,6,Needs Attention
CUST-00822,664,5,48384.84,1,4,4,144,9,At Risk
CUST-00823,30,6,90444.46125000001,5,5,5,555,15,Champions
CUST-00826,1029,1,10154.97,1,1,2,112,4,Lost Customers
CUST-00827,240,9,157774.24125,3,5,5,355,13,Loyal Customers
CUST-00828,656,1,41346.911250000005,1,1,4,114,6,Needs Attention
CUST-00829,440,1,15937.48,2,1,2,212,5,Lost Customers
CUST-00830,48,7,43274.65,4,5,4,454,13,Champions
CUST-00831,387,1,2836.16,2,1,1,211,4,Lost Customers
CUST-00833,47,4,21765.91,4,4,3,443,11,Loyal Customers
CUST-00834,722,1,2263.44,1,1,1,111,3,Lost Customers
CUST-00838,413,5,87776.39125,2,4,5,245,11,At Risk
CUST-00839,335,2,2901.04,3,3,1,331,7,Needs Attention
CUST-00841,325,1,33478.89,3,1,3,313,7,Needs Attention
CUST-00842,786,1,3788.08,1,1,1,111,3,Lost Customers
CUST-00844,1092,1,2215.0,1,1,1,111,3,Lost Customers
CUST-00845,778,1,655.07,1,1,1,111,3,Lost Customers
CUST-00847,36,4,35178.04,5,4,3,543,12,Loyal Customers
CUST-00848,3,19,222807.02250000002,5,5,5,555,15,Champions
CUST-00849,437,1,1199.25,2,1,1,211,4,Lost Customers
CUST-00850,353,2,31511.93,3,3,3,333,9,Loyal Customers
CUST-00851,575,2,43820.60125000001,2,3,4,234,9,At Risk
CUST-00852,221,1,5135.27,3,1,2,312,6,Needs Attention
CUST-00853,816,2,60795.22125,1,3,4,134,8,At Risk
CUST-00856,57,1,2337.31,4,1,1,411,6,Potential Loyalists
CUST-00858,212,5,62294.35,3,4,4,344,11,Loyal Customers
CUST-00862,3,31,324564.70125,5,5,5,555,15,Champions
CUST-00863,29,6,40148.1,5,5,3,553,13,Loyal Customers
CUST-00866,351,3,10454.710000000001,3,3,2,332,8,Needs Attention
CUST-00867,758,1,3689.33,1,1,1,111,3,Lost Customers
CUST-00870,349,3,27294.71,3,3,3,333,9,Loyal Customers
CUST-00872,228,6,51914.44,3,5,4,354,12,Loyal Customers
CUST-00873,85,7,89544.04125000001,4,5,5,455,14,Champions
CUST-00875,130,8,90800.93000000001,4,5,5,455,14,Champions
CUST-00876,785,1,2329.67,1,1,1,111,3,Lost Customers
CUST-00878,742,2,8286.68,1,3,2,132,6,Needs Attention
CUST-00879,42,8,78825.11125,4,5,5,455,14,Champions
CUST-00881,1000,1,5192.66,1,1,2,112,4,Lost Customers
CUST-00882,46,13,205838.21125000002,4,5,5,455,14,Champions
CUST-00883,21,27,372877.28375,5,5,5,555,15,Champions
CUST-00884,376,6,85602.46,2,5,5,255,12,At Risk
CUST-00885,143,2,4976.45,3,3,2,332,8,Needs Attention
CUST-00886,764,2,9686.29,1,3,2,132,6,Needs Attention
CUST-00887,64,5,101270.1525,4,4,5,445,13,Champions
CUST-00888,909,1,2601.75,1,1,1,111,3,Lost Customers
CUST-00889,260,2,6429.91,3,3,2,332,8,Needs Attention
CUST-00891,114,1,7972.45,4,1,2,412,7,Potential Loyalists
CUST-00892,406,2,21983.98,2,3,3,233,8,At Risk
CUST-00893,71,28,241710.3525,4,5,5,455,14,Champions
CUST-00894,41,6,74591.98125000001,5,5,4,554,14,Champions
CUST-00895,36,31,350883.905,5,5,5,555,15,Champions
CUST-00896,20,33,486142.30375,5,5,5,555,15,Champions
CUST-00898,899,2,5401.57,1,3,2,132,6,Needs Attention
CUST-00899,47,4,47404.51125,4,4,4,444,12,Champions
CUST-00900,188,2,56042.201250000006,3,3,4,334,10,Loyal Customers
CUST-00901,101,9,108832.48999999999,4,5,5,455,14,Champions
CUST-00902,268,1,28052.18,3,1,3,313,7,Needs Attention
CUST-00903,621,1,10403.42,2,1,2,212,5,Lost Customers
CUST-00904,178,2,3314.95,3,3,1,331,7,Needs Attention
CUST-00907,33,24,268915.14375000005,5,5,5,555,15,Champions
CUST-00909,817,1,4867.87,1,1,1,111,3,Lost Customers
CUST-00910,599,3,6465.04,2,3,2,232,7,Needs Attention
CUST-00911,231,2,4207.5,3,3,1,331,7,Needs Attention
CUST-00913,689,2,41812.061250000006,1,3,4,134,8,At Risk
CUST-00917,195,2,11966.9,3,3,2,332,8,Needs Attention
CUST-00918,183,1,25984.77,3,1,3,313,7,Needs Attention
CUST-00919,1085,1,3192.0,1,1,1,111,3,Lost Customers
CUST-00920,87,3,63571.771250000005,4,3,4,434,11,Loyal Customers
CUST-00921,103,8,168010.2625,4,5,5,455,14,Champions
CUST-00923,877,1,16247.68,1,1,2,112,4,Lost Customers
CUST-00925,453,1,19939.8,2,1,3,213,6,Needs Attention
CUST-00927,344,1,1096.01,3,1,1,311,5,Needs Attention
CUST-00928,1010,1,13618.38,1,1,2,112,4,Lost Customers
CUST-00930,713,1,4695.9,1,1,1,111,3,Lost Customers
CUST-00931,40,3,57286.61125,5,3,4,534,12,Loyal Customers
CUST-00933,11,2,14093.5,5,3,2,532,10,Needs Attention
CUST-00936,19,2,6156.45,5,3,2,532,10,Needs Attention
CUST-00937,76,5,111415.72125,4,4,5,445,13,Champions
CUST-00938,323,1,41346.911250000005,3,1,4,314,8,Needs Attention
CUST-00939,5,31,341208.98250000004,5,5,5,555,15,Champions
CUST-00940,359,2,3543.94,2,3,1,231,6,Needs Attention
CUST-00941,168,1,16393.72,3,1,2,312,6,Needs Attention
CUST-00942,8,4,10911.02,5,4,2,542,11,Needs Attention
CUST-00943,752,3,65925.53125,1,3,4,134,8,At Risk
CUST-00944,18,3,6113.97,5,3,2,532,10,Needs Attention
CUST-00945,802,2,48823.329999999994,1,3,4,134,8,At Risk
CUST-00946,330,4,39801.380000000005,3,4,3,343,10,Loyal Customers
CUST-00947,84,1,27406.18,4,1,3,413,8,Potential Loyalists
CUST-00948,278,4,25937.61,3,4,3,343,10,Loyal Customers
CUST-00949,708,1,31158.57,1,1,3,113,5,Needs Attention
CUST-00951,134,2,18739.3,4,3,3,433,10,Loyal Customers
CUST-00952,356,1,1287.66,2,1,1,211,4,Lost Customers
CUST-00953,781,3,13864.539999999999,1,3,2,132,6,Needs Attention
CUST-00955,799,1,2078.52,1,1,1,111,3,Lost Customers
CUST-00959,33,18,177164.26125,5,5,5,555,15,Champions
CUST-00960,764,1,2290.69,1,1,1,111,3,Lost Customers
CUST-00961,181,4,91361.6325,3,4,5,345,12,Loyal Customers
CUST-00963,1085,1,164.65,1,1,1,111,3,Lost Customers
CUST-00964,1073,1,2839.28,1,1,1,111,3,Lost Customers
CUST-00965,83,5,90375.08250000002,4,4,5,445,13,Champions
CUST-00968,350,4,93610.5925,3,4,5,345,12,Loyal Customers
CUST-00971,347,3,47570.271250000005,3,3,4,334,10,Loyal Customers
CUST-00972,158,1,9295.56,3,1,2,312,6,Needs Attention
CUST-00973,17,10,185316.09375000003,5,5,5,555,15,Champions
CUST-00978,66,3,8044.25,4,3,2,432,9,Needs Attention
CUST-00979,72,3,9522.42,4,3,2,432,9,Needs Attention
CUST-00981,150,1,3409.17,3,1,1,311,5,Needs Attention
CUST-00983,9,3,41435.47,5,3,4,534,12,Loyal Customers
CUST-00984,10,4,6852.8,5,4,2,542,11,Needs Attention
CUST-00985,795,1,504.15,1,1,1,111,3,Lost Customers
CUST-00986,127,3,79235.58125,4,3,5,435,12,Loyal Customers
CUST-00987,304,2,13021.72,3,3,2,332,8,Needs Attention
CUST-00988,335,3,14460.6,3,3,2,332,8,Needs Attention
CUST-00992,515,1,1214.2,2,1,1,211,4,Lost Customers
CUST-00993,817,1,18764.52,1,1,3,113,5,Needs Attention
CUST-00995,942,1,2490.54,1,1,1,111,3,Lost Customers
CUST-00996,38,2,22937.21,5,3,3,533,11,Loyal Customers
CUST-00997,477,2,42913.92125000001,2,3,4,234,9,At Risk
CUST-00998,22,28,258682.23375,5,5,5,555,15,Champions
CUST-01000,51,2,12422.82,4,3,2,432,9,Needs Attention
CUST-01001,43,7,129598.67375000002,4,5,5,455,14,Champions
CUST-01003,30,1,7133.07,5,1,2,512,8,Potential Loyalists
CUST-01004,78,4,59015.04,4,4,4,444,12,Champions
CUST-01006,775,1,21718.51,1,1,3,113,5,Needs Attention
CUST-01007,227,2,9110.529999999999,3,3,2,332,8,Needs Attention
CUST-01008,391,2,11786.33,2,3,2,232,7,Needs Attention
CUST-01009,355,1,13004.79,2,1,2,212,5,Lost Customers
CUST-01010,631,1,1047.63,1,1,1,111,3,Lost Customers
CUST-01011,446,3,46045.60125000001,2,3,4,234,9,At Risk
CUST-01012,470,1,6026.94,2,1,2,212,5,Lost Customers
CUST-01013,414,1,41346.911250000005,2,1,4,214,7,Needs Attention
CUST-01014,13,11,103994.15,5,5,5,555,15,Champions
CUST-01017,147,4,62311.32000000001,3,4,4,344,11,Loyal Customers
CUST-01019,813,1,2910.55,1,1,1,111,3,Lost Customers
CUST-01021,449,1,3132.09,2,1,1,211,4,Lost Customers
CUST-01022,169,7,88423.81,3,5,5,355,13,Loyal Customers
CUST-01025,47,11,188415.25375000003,4,5,5,455,14,Champions
CUST-01026,6,48,655626.0775,5,5,5,555,15,Champions
CUST-01027,141,1,15871.85,3,1,2,312,6,Needs Attention
CUST-01028,5,41,508145.99625,5,5,5,555,15,Champions
CUST-01031,163,3,30005.559999999998,3,3,3,333,9,Loyal Customers
CUST-01032,29,28,309632.15125,5,5,5,555,15,Champions
CUST-01034,676,2,52588.94,1,3,4,134,8,At Risk
CUST-01035,8,8,56285.51,5,5,4,554,14,Champions
CUST-01036,14,8,71524.56125,5,5,4,554,14,Champions
CUST-01037,45,10,143858.43125000002,4,5,5,455,14,Champions
CUST-01038,731,4,27844.91,1,4,3,143,8,At Risk
CUST-01039,196,6,78184.23000000001,3,5,5,355,13,Loyal Customers
CUST-01040,4,2,51313.45,5,3,4,534,12,Loyal Customers
CUST-01042,19,1,12131.34,5,1,2,512,8,Potential Loyalists
CUST-01043,461,2,63327.54125000001,2,3,4,234,9,At Risk
CUST-01044,791,1,7871.12,1,1,2,112,4,Lost Customers
CUST-01046,862,1,3648.27,1,1,1,111,3,Lost Customers
CUST-01047,326,3,37432.51,3,3,3,333,9,Loyal Customers
CUST-01050,90,6,69840.24125,4,5,4,454,13,Champions
CUST-01051,59,1,37403.25,4,1,3,413,8,Potential Loyalists
CUST-01052,343,2,13400.86,3,3,2,332,8,Needs Attention
CUST-01053,121,3,40413.7,4,3,3,433,10,Loyal Customers
CUST-01054,227,6,82091.97125,3,5,5,355,13,Loyal Customers
CUST-01059,80,2,6484.139999999999,4,3,2,432,9,Needs Attention
CUST-01060,864,1,5564.79,1,1,2,112,4,Lost Customers
CUST-01061,138,10,110457.22125,3,5,5,355,13,Loyal Customers
CUST-01062,26,4,32815.36,5,4,3,543,12,Loyal Customers
CUST-01063,57,5,27225.64,4,4,3,443,11,Loyal Customers
CUST-01064,203,9,123758.79125000001,3,5,5,355,13,Loyal Customers
CUST-01065,492,1,3277.93,2,1,1,211,4,Lost Customers
CUST-01066,699,2,2048.54,1,3,1,131,5,Needs Attention
CUST-01070,425,1,1503.48,2,1,1,211,4,Lost Customers
CUST-01071,103,1,5085.91,4,1,2,412,7,Potential Loyalists
CUST-01072,283,4,78032.64125,3,4,5,345,12,Loyal Customers
CUST-01073,11,6,61679.53125000001,5,5,4,554,14,Champions
CUST-01074,62,1,10941.12,4,1,2,412,7,Potential Loyalists
CUST-01075,320,1,5552.62,3,1,2,312,6,Needs Attention
CUST-01078,400,1,3795.08,2,1,1,211,4,Lost Customers
CUST-01079,61,7,80183.18000000001,4,5,5,455,14,Champions
CUST-01080,354,4,24076.6,3,4,3,343,10,Loyal Customers
CUST-01082,116,4,72332.13125,4,4,4,444,12,Champions
CUST-01083,72,3,14843.27,4,3,2,432,9,Needs Attention
CUST-01085,714,1,3424.08,1,1,1,111,3,Lost Customers
CUST-01088,604,2,21056.85,2,3,3,233,8,At Risk
CUST-01094,35,7,30435.390000000003,5,5,3,553,13,Loyal Customers
CUST-01096,757,2,4340.639999999999,1,3,1,131,5,Needs Attention
CUST-01097,48,3,27201.510000000002,4,3,3,433,10,Loyal Customers
CUST-01098,6,1,13825.14,5,1,2,512,8,Potential Loyalists
CUST-01102,769,1,33749.8,1,1,3,113,5,Needs Attention
CUST-01105,69,1,1751.87,4,1,1,411,6,Potential Loyalists
CUST-01106,53,1,4060.26,4,1,1,411,6,Potential Loyalists
CUST-01107,244,4,69236.71125000001,3,4,4,344,11,Loyal Customers
CUST-01108,758,1,1042.89,1,1,1,111,3,Lost Customers
CUST-01109,8,2,58419.619999999995,5,3,4,534,12,Loyal Customers
CUST-01110,45,8,94714.22125,4,5,5,455,14,Champions
CUST-01111,673,3,33813.44,1,3,3,133,7,At Risk
CUST-01114,193,1,4926.48,3,1,2,312,6,Needs Attention
CUST-01117,31,5,36560.09,5,4,3,543,12,Loyal Customers
CUST-01118,370,3,18166.0,2,3,3,233,8,At Risk
CUST-01119,5,23,137698.97125,5,5,5,555,15,Champions
CUST-01120,756,1,1479.97,1,1,1,111,3,Lost Customers
CUST-01121,33,9,149260.3725,5,5,5,555,15,Champions
CUST-01124,46,5,51602.93125,4,4,4,444,12,Champions
CUST-01125,99,5,76436.26,4,4,5,445,13,Champions
CUST-01126,48,8,119662.0025,4,5,5,455,14,Champions
CUST-01127,891,1,41346.911250000005,1,1,4,114,6,Needs Attention
CUST-01129,899,2,16239.599999999999,1,3,2,132,6,Needs Attention
CUST-01130,64,3,75640.31,4,3,5,435,12,Loyal Customers
CUST-01131,367,2,5638.5599999999995,2,3,2,232,7,Needs Attention
CUST-01132,20,3,2786.51,5,3,1,531,9,Needs Attention
CUST-01133,525,2,23530.09,2,3,3,233,8,At Risk
CUST-01137,9,3,44694.17125,5,3,4,534,12,Loyal Customers
CUST-01141,241,6,46646.5,3,5,4,354,12,Loyal Customers
CUST-01143,275,3,11986.83,3,3,2,332,8,Needs Attention
CUST-01148,7,14,212023.33500000002,5,5,5,555,15,Champions
CUST-01150,37,1,41346.911250000005,5,1,4,514,10,Potential Loyalists
CUST-01151,3,2,46004.631250000006,5,3,4,534,12,Loyal Customers
CUST-01152,28,2,50091.740000000005,5,3,4,534,12,Loyal Customers
CUST-01153,337,2,18458.87,3,3,3,333,9,Loyal Customers
CUST-01154,152,23,226375.8425,3,5,5,355,13,Loyal Customers
CUST-01155,3,1,5685.09,5,1,2,512,8,Potential Loyalists
CUST-01156,818,2,13009.36,1,3,2,132,6,Needs Attention
CUST-01157,9,7,119554.73125000001,5,5,5,555,15,Champions
CUST-01158,11,4,23418.059999999998,5,4,3,543,12,Loyal Customers
CUST-01160,333,4,48435.869999999995,3,4,4,344,11,Loyal Customers
CUST-01162,415,1,3608.73,2,1,1,211,4,Lost Customers
CUST-01163,56,6,76860.61,4,5,5,455,14,Champions
CUST-01164,10,3,46655.81,5,3,4,534,12,Loyal Customers
CUST-01169,35,4,27054.2,5,4,3,543,12,Loyal Customers
CUST-01171,17,11,130838.56250000001,5,5,5,555,15,Champions
CUST-01172,1018,1,13201.0,1,1,2,112,4,Lost Customers
CUST-01173,40,1,41346.911250000005,5,1,4,514,10,Potential Loyalists
CUST-01174,30,1,41003.53,5,1,3,513,9,Potential Loyalists
CUST-01176,437,2,13687.2,2,3,2,232,7,Needs Attention
CUST-01177,254,2,15015.33,3,3,2,332,8,Needs Attention
CUST-01178,415,6,64261.0,2,5,4,254,11,At Risk
CUST-01179,375,2,43632.551250000004,2,3,4,234,9,At Risk
CUST-01182,1064,1,6524.95,1,1,2,112,4,Lost Customers
CUST-01184,175,2,4648.17,3,3,1,331,7,Needs Attention
CUST-01185,49,9,84887.32,4,5,5,455,14,Champions
CUST-01186,673,1,927.97,1,1,1,111,3,Lost Customers
CUST-01187,396,2,50509.240000000005,2,3,4,234,9,At Risk
CUST-01188,51,1,22004.81,4,1,3,413,8,Potential Loyalists
CUST-01192,159,2,42703.021250000005,3,3,4,334,10,Loyal Customers
CUST-01193,421,1,1722.3,2,1,1,211,4,Lost Customers
CUST-01194,335,2,9482.039999999999,3,3,2,332,8,Needs Attention
CUST-01196,185,7,65544.36,3,5,4,354,12,Loyal Customers
CUST-01197,10,5,25715.510000000002,5,4,3,543,12,Loyal Customers
CUST-01199,88,9,145227.7925,4,5,5,455,14,Champions
CUST-01200,44,2,30510.94,4,3,3,433,10,Loyal Customers
CUST-01201,134,1,35700.61,4,1,3,413,8,Potential Loyalists
CUST-01202,706,2,1159.06,1,3,1,131,5,Needs Attention
CUST-01204,406,1,41346.911250000005,2,1,4,214,7,Needs Attention
CUST-01205,886,3,28869.45,1,3,3,133,7,At Risk
CUST-01206,39,18,155310.55375000002,5,5,5,555,15,Champions
CUST-01207,738,1,34273.17,1,1,3,113,5,Needs Attention
CUST-01210,984,1,4775.29,1,1,1,111,3,Lost Customers
CUST-01211,87,3,30706.329999999998,4,3,3,433,10,Loyal Customers
CUST-01213,8,16,239345.6625,5,5,5,555,15,Champions
CUST-01214,22,11,84142.46,5,5,5,555,15,Champions
CUST-01215,257,3,25356.66,3,3,3,333,9,Loyal Customers
CUST-01216,331,2,4189.38,3,3,1,331,7,Needs Attention
CUST-01217,780,1,6915.06,1,1,2,112,4,Lost Customers
CUST-01218,709,1,32697.79,1,1,3,113,5,Needs Attention
CUST-01220,44,1,1828.55,4,1,1,411,6,Potential Loyalists
CUST-01221,1047,1,14006.68,1,1,2,112,4,Lost Customers
CUST-01222,59,7,152980.6625,4,5,5,455,14,Champions
CUST-01223,427,2,9596.3,2,3,2,232,7,Needs Attention
CUST-01224,663,2,1922.02,1,3,1,131,5,Needs Attention
CUST-01225,243,3,45736.8,3,3,4,334,10,Loyal Customers
CUST-01226,21,1,1631.96,5,1,1,511,7,Potential Loyalists
CUST-01227,597,1,2494.76,2,1,1,211,4,Lost Customers
CUST-01229,249,1,5015.14,3,1,2,312,6,Needs Attention
CUST-01230,178,4,47325.201250000006,3,4,4,344,11,Loyal Customers
CUST-01231,77,5,12248.92,4,4,2,442,10,Needs Attention
CUST-01233,722,1,1344.07,1,1,1,111,3,Lost Customers
CUST-01234,834,1,17221.87,1,1,3,113,5,Needs Attention
CUST-01237,456,2,40590.26,2,3,3,233,8,At Risk
CUST-01238,434,1,9032.96,2,1,2,212,5,Lost Customers
CUST-01239,335,3,56353.0,3,3,4,334,10,Loyal Customers
CUST-01240,43,14,116540.84,4,5,5,455,14,Champions
CUST-01241,8,14,82714.82,5,5,5,555,15,Champions
CUST-01242,78,1,5176.12,4,1,2,412,7,Potential Loyalists
CUST-01243,349,5,53941.10125000001,3,4,4,344,11,Loyal Customers
CUST-01244,1088,1,41346.911250000005,1,1,4,114,6,Needs Attention
CUST-01248,747,1,876.18,1,1,1,111,3,Lost Customers
CUST-01250,556,2,24738.02,2,3,3,233,8,At Risk
CUST-01253,612,2,38284.520000000004,2,3,3,233,8,At Risk
CUST-01254,82,4,52521.53125,4,4,4,444,12,Champions
CUST-01255,39,2,20144.37,5,3,3,533,11,Loyal Customers
CUST-01258,578,2,3738.24,2,3,1,231,6,Needs Attention
CUST-01259,34,2,41845.86125,5,3,4,534,12,Loyal Customers
CUST-01260,475,2,21744.07,2,3,3,233,8,At Risk
CUST-01262,566,1,32421.38,2,1,3,213,6,Needs Attention
CUST-01263,170,3,86043.79125000001,3,3,5,335,11,Loyal Customers
CUST-01264,434,2,41146.1,2,3,3,233,8,At Risk
CUST-01265,91,15,208021.52250000002,4,5,5,455,14,Champions
CUST-01267,378,7,150723.85375,2,5,5,255,12,At Risk
CUST-01268,100,9,165306.67375000002,4,5,5,455,14,Champions
CUST-01269,78,7,73945.09125,4,5,4,454,13,Champions
CUST-01270,229,3,21244.03,3,3,3,333,9,Loyal Customers
CUST-01273,30,7,100595.81250000001,5,5,5,555,15,Champions
CUST-01274,159,1,634.8,3,1,1,311,5,Needs Attention
CUST-01277,758,1,41346.911250000005,1,1,4,114,6,Needs Attention
CUST-01278,1094,1,39637.69,1,1,3,113,5,Needs Attention
CUST-01279,36,13,188392.1225,5,5,5,555,15,Champions
CUST-01280,741,1,6281.21,1,1,2,112,4,Lost Customers
CUST-01282,58,10,161642.28,4,5,5,455,14,Champions
CUST-01283,162,2,63648.811250000006,3,3,4,334,10,Loyal Customers
CUST-01284,44,16,178161.55,4,5,5,455,14,Champions
CUST-01285,59,2,4552.81,4,3,1,431,8,Needs Attention
CUST-01287,49,7,66644.68125000001,4,5,4,454,13,Champions
CUST-01288,765,1,12343.93,1,1,2,112,4,Lost Customers
CUST-01289,60,2,24427.4,4,3,3,433,10,Loyal Customers
CUST-01291,905,2,2515.82,1,3,1,131,5,Needs Attention
CUST-01292,816,1,6570.86,1,1,2,112,4,Lost Customers
CUST-01293,287,6,42040.64,3,5,4,354,12,Loyal Customers
CUST-01294,146,5,16027.61,3,4,2,342,9,Needs Attention
CUST-01296,1066,1,2341.13,1,1,1,111,3,Lost Customers
CUST-01299,49,1,18924.15,4,1,3,413,8,Potential Loyalists
CUST-01301,38,1,4465.36,5,1,1,511,7,Potential Loyalists
CUST-01302,1,120,1473825.45625,5,5,5,555,15,Champions
CUST-01303,139,7,63923.44,3,5,4,354,12,Loyal Customers
CUST-01306,536,2,5382.04,2,3,2,232,7,Needs Attention
CUST-01308,413,2,82693.82250000001,2,3,5,235,10,At Risk
CUST-01310,84,2,1839.9699999999998,4,3,1,431,8,Needs Attention
CUST-01311,222,3,19110.29,3,3,3,333,9,Loyal Customers
CUST-01312,808,1,24454.55,1,1,3,113,5,Needs Attention
CUST-01315,201,5,24787.079999999998,3,4,3,343,10,Loyal Customers
CUST-01316,54,2,42308.33125,4,3,4,434,11,Loyal Customers
CUST-01318,48,4,73945.06125,4,4,4,444,12,Champions
CUST-01321,310,2,11801.710000000001,3,3,2,332,8,Needs Attention
CUST-01322,49,1,6347.79,4,1,2,412,7,Potential Loyalists
CUST-01323,766,1,19916.6,1,1,3,113,5,Needs Attention
CUST-01324,190,3,21148.28,3,3,3,333,9,Loyal Customers
CUST-01326,18,5,29767.850000000002,5,4,3,543,12,Loyal Customers
CUST-01328,250,2,59671.95,3,3,4,334,10,Loyal Customers
CUST-01329,62,3,45381.72125,4,3,4,434,11,Loyal Customers
CUST-01331,787,3,19951.72,1,3,3,133,7,At Risk
CUST-01333,37,1,5052.81,5,1,2,512,8,Potential Loyalists
CUST-01335,288,3,16975.809999999998,3,3,3,333,9,Loyal Customers
CUST-01336,477,2,40811.54,2,3,3,233,8,At Risk
CUST-01337,248,3,99095.19,3,3,5,335,11,Loyal Customers
CUST-01338,239,8,73008.26125,3,5,4,354,12,Loyal Customers
CUST-01340,934,1,31295.81,1,1,3,113,5,Needs Attention
CUST-01341,67,11,207128.37500000003,4,5,5,455,14,Champions
CUST-01342,69,9,113670.36250000002,4,5,5,455,14,Champions
CUST-01343,66,8,81347.73125000001,4,5,5,455,14,Champions
CUST-01344,366,1,12152.97,2,1,2,212,5,Lost Customers
CUST-01345,64,5,31166.39,4,4,3,443,11,Loyal Customers
CUST-01346,15,5,157674.1625,5,4,5,545,14,Champions
CUST-01347,163,2,9069.57,3,3,2,332,8,Needs Attention
CUST-01349,413,1,41346.911250000005,2,1,4,214,7,Needs Attention
CUST-01350,430,2,26403.74,2,3,3,233,8,At Risk
CUST-01352,148,3,54465.87125000001,3,3,4,334,10,Loyal Customers
CUST-01354,13,9,40875.18,5,5,3,553,13,Loyal Customers
CUST-01355,368,1,833.85,2,1,1,211,4,Lost Customers
CUST-01356,476,1,2216.28,2,1,1,211,4,Lost Customers
CUST-01357,194,3,20674.61,3,3,3,333,9,Loyal Customers
CUST-01358,8,2,32729.739999999998,5,3,3,533,11,Loyal Customers
CUST-01359,249,3,21942.83,3,3,3,333,9,Loyal Customers
CUST-01364,24,3,13999.95,5,3,2,532,10,Needs Attention
CUST-01365,38,2,48257.82125000001,5,3,4,534,12,Loyal Customers
CUST-01366,765,1,1188.75,1,1,1,111,3,Lost Customers
CUST-01367,624,1,41346.911250000005,2,1,4,214,7,Needs Attention
CUST-01368,47,1,41346.911250000005,4,1,4,414,9,Potential Loyalists
CUST-01369,75,3,13330.85,4,3,2,432,9,Needs Attention
CUST-01370,873,1,6361.71,1,1,2,112,4,Lost Customers
CUST-01372,35,1,41346.911250000005,5,1,4,514,10,Potential Loyalists
CUST-01373,51,12,92914.26000000001,4,5,5,455,14,Champions
CUST-01374,302,2,4915.6,3,3,2,332,8,Needs Attention
CUST-01377,361,3,28177.82,2,3,3,233,8,At Risk
CUST-01379,109,2,37100.420000000006,4,3,3,433,10,Loyal Customers
CUST-01381,731,1,19621.75,1,1,3,113,5,Needs Attention
CUST-01383,297,1,4562.26,3,1,1,311,5,Needs Attention
CUST-01385,188,2,46303.10125000001,3,3,4,334,10,Loyal Customers
CUST-01387,386,1,3441.24,2,1,1,211,4,Lost Customers
CUST-01388,27,6,66608.45125000001,5,5,4,554,14,Champions
CUST-01393,518,2,7199.75,2,3,2,232,7,Needs Attention
CUST-01395,601,2,7432.25,2,3,2,232,7,Needs Attention
CUST-01396,351,2,21353.09,3,3,3,333,9,Loyal Customers
CUST-01397,428,3,74817.97,2,3,4,234,9,At Risk
CUST-01399,363,3,37012.56,2,3,3,233,8,At Risk
CUST-01400,75,1,405.04,4,1,1,411,6,Potential Loyalists
CUST-01402,511,1,14971.95,2,1,2,212,5,Lost Customers
CUST-01404,431,6,115267.13125,2,5,5,255,12,At Risk
CUST-01405,18,12,142068.81125,5,5,5,555,15,Champions
CUST-01407,345,7,50491.87,3,5,4,354,12,Loyal Customers
CUST-01409,1020,1,1237.47,1,1,1,111,3,Lost Customers
CUST-01412,697,1,18418.22,1,1,3,113,5,Needs Attention
CUST-01413,795,1,4656.12,1,1,1,111,3,Lost Customers
CUST-01414,16,4,19977.18,5,4,3,543,12,Loyal Customers
CUST-01415,5,4,20327.08,5,4,3,543,12,Loyal Customers
CUST-01416,4,14,131876.01125,5,5,5,555,15,Champions
CUST-01417,903,1,308.17,1,1,1,111,3,Lost Customers
CUST-01419,583,2,11516.7,2,3,2,232,7,Needs Attention
CUST-01421,40,3,20682.99,5,3,3,533,11,Loyal Customers
CUST-01422,519,3,28147.74,2,3,3,233,8,At Risk
CUST-01423,21,2,3225.76,5,3,1,531,9,Needs Attention
CUST-01427,664,1,35374.41,1,1,3,113,5,Needs Attention
CUST-01430,723,1,1970.76,1,1,1,111,3,Lost Customers
CUST-01431,820,1,23116.91,1,1,3,113,5,Needs Attention
CUST-01434,41,6,73727.48125,5,5,4,554,14,Champions
CUST-01435,515,3,48068.64,2,3,4,234,9,At Risk
CUST-01436,27,4,41229.4,5,4,3,543,12,Loyal Customers
CUST-01440,12,2,57279.82,5,3,4,534,12,Loyal Customers
CUST-01442,721,1,2943.04,1,1,1,111,3,Lost Customers
CUST-01443,4,5,35015.62,5,4,3,543,12,Loyal Customers
CUST-01444,293,8,112619.21125000001,3,5,5,355,13,Loyal Customers
CUST-01445,847,1,29178.24,1,1,3,113,5,Needs Attention
CUST-01446,436,1,2890.47,2,1,1,211,4,Lost Customers
CUST-01447,287,1,1191.93,3,1,1,311,5,Needs Attention
CUST-01448,78,2,19989.72,4,3,3,433,10,Loyal Customers
CUST-01449,381,1,10561.62,2,1,2,212,5,Lost Customers
CUST-01454,406,2,12861.01,2,3,2,232,7,Needs Attention
CUST-01455,74,1,3000.23,4,1,1,411,6,Potential Loyalists
CUST-01456,424,1,5275.29,2,1,2,212,5,Lost Customers
CUST-01457,580,1,15249.71,2,1,2,212,5,Lost Customers
CUST-01458,20,42,604657.04375,5,5,5,555,15,Champions
CUST-01460,950,1,14460.13,1,1,2,112,4,Lost Customers
CUST-01461,426,2,15988.07,2,3,2,232,7,Needs Attention
CUST-01462,447,1,2486.22,2,1,1,211,4,Lost Customers
CUST-01464,389,2,27915.21,2,3,3,233,8,At Risk
CUST-01465,56,1,5367.3,4,1,2,412,7,Potential Loyalists
CUST-01467,739,2,64280.871250000004,1,3,4,134,8,At Risk
CUST-01468,373,5,24051.12,2,4,3,243,9,At Risk
CUST-01470,227,5,69991.06125,3,4,4,344,11,Loyal Customers
CUST-01471,198,2,1973.98,3,3,1,331,7,Needs Attention
CUST-01472,378,1,4513.99,2,1,1,211,4,Lost Customers
CUST-01473,380,5,18447.33,2,4,3,243,9,At Risk
CUST-01474,307,4,28573.440000000002,3,4,3,343,10,Loyal Customers
CUST-01475,50,5,179680.6825,4,4,5,445,13,Champions
CUST-01476,344,1,41346.911250000005,3,1,4,314,8,Needs Attention
CUST-01477,3,1,1179.9,5,1,1,511,7,Potential Loyalists
CUST-01478,154,4,21402.06,3,4,3,343,10,Loyal Customers
CUST-01479,68,10,91577.45,4,5,5,455,14,Champions
CUST-01480,41,4,67110.52125,5,4,4,544,13,Champions
CUST-01483,792,1,11764.25,1,1,2,112,4,Lost Customers
CUST-01486,25,10,83635.37,5,5,5,555,15,Champions
CUST-01487,84,5,82003.67125000001,4,4,5,445,13,Champions
CUST-01490,45,4,85155.8325,4,4,5,445,13,Champions
CUST-01491,48,11,99865.24125,4,5,5,455,14,Champions
CUST-01492,769,1,22427.72,1,1,3,113,5,Needs Attention
CUST-01495,297,3,59898.65,3,3,4,334,10,Loyal Customers
CUST-01496,480,1,4875.02,2,1,2,212,5,Lost Customers
CUST-01497,590,2,4755.38,2,3,1,231,6,Needs Attention
CUST-01498,8,91,929305.8425,5,5,5,555,15,Champions
CUST-01499,2,2,34039.68,5,3,3,533,11,Loyal Customers
CUST-01501,78,1,8112.62,4,1,2,412,7,Potential Loyalists
CUST-01503,1046,1,41346.911250000005,1,1,4,114,6,Needs Attention
CUST-01504,17,4,23670.02,5,4,3,543,12,Loyal Customers
CUST-01505,374,1,41346.911250000005,2,1,4,214,7,Needs Attention
CUST-01506,5,63,797284.9725,5,5,5,555,15,Champions
CUST-01507,407,3,31472.129999999997,2,3,3,233,8,At Risk
CUST-01508,59,2,20511.3,4,3,3,433,10,Loyal Customers
CUST-01510,78,1,7394.51,4,1,2,412,7,Potential Loyalists
CUST-01511,64,3,16588.78,4,3,2,432,9,Needs Attention
CUST-01513,397,4,24720.73,2,4,3,243,9,At Risk
CUST-01514,48,33,421688.82375000004,4,5,5,455,14,Champions
CUST-01515,307,2,20917.94,3,3,3,333,9,Loyal Customers
CUST-01517,654,1,953.77,1,1,1,111,3,Lost Customers
CUST-01520,23,8,41345.25,5,5,4,554,14,Champions
CUST-01522,81,5,86543.90125000001,4,4,5,445,13,Champions
CUST-01523,603,2,8575.41,2,3,2,232,7,Needs Attention
CUST-01525,355,4,14479.59,2,4,2,242,8,Needs Attention
CUST-01526,373,1,2877.37,2,1,1,211,4,Lost Customers
CUST-01527,43,3,3582.3100000000004,4,3,1,431,8,Needs Attention
CUST-01528,13,2,41566.46125000001,5,3,4,534,12,Loyal Customers
CUST-01529,354,1,41346.911250000005,3,1,4,314,8,Needs Attention
CUST-01531,57,5,23742.9,4,4,3,443,11,Loyal Customers
CUST-01532,133,1,7101.32,4,1,2,412,7,Potential Loyalists
CUST-01535,227,1,8823.02,3,1,2,312,6,Needs Attention
CUST-01539,66,2,43142.411250000005,4,3,4,434,11,Loyal Customers
CUST-01540,943,1,3967.38,1,1,1,111,3,Lost Customers
CUST-01541,683,2,26514.38,1,3,3,133,7,At Risk
CUST-01543,170,1,1402.95,3,1,1,311,5,Needs Attention
CUST-01544,799,1,1809.17,1,1,1,111,3,Lost Customers
CUST-01545,712,2,13603.24,1,3,2,132,6,Needs Attention
CUST-01546,353,2,51554.771250000005,3,3,4,334,10,Loyal Customers
CUST-01547,76,22,262564.14375,4,5,5,455,14,Champions
CUST-01548,920,2,10359.599999999999,1,3,2,132,6,Needs Attention
CUST-01549,358,1,1571.5,2,1,1,211,4,Lost Customers
CUST-01550,604,5,48391.39125000001,2,4,4,244,10,At Risk
CUST-01551,45,52,412597.71125,4,5,5,455,14,Champions
CUST-01553,12,13,94290.28,5,5,5,555,15,Champions
CUST-01554,531,1,2183.02,2,1,1,211,4,Lost Customers
CUST-01557,24,2,12538.01,5,3,2,532,10,Needs Attention
CUST-01558,685,3,53768.44,1,3,4,134,8,At Risk
CUST-01559,139,4,68575.25125,3,4,4,344,11,Loyal Customers
CUST-01560,433,2,42233.57125000001,2,3,4,234,9,At Risk
CUST-01562,75,2,4688.21,4,3,1,431,8,Needs Attention
CUST-01564,596,1,5147.85,2,1,2,212,5,Lost Customers
CUST-01566,279,1,422.53,3,1,1,311,5,Needs Attention
CUST-01567,83,1,11653.76,4,1,2,412,7,Potential Loyalists
CUST-01568,882,3,85564.54125000001,1,3,5,135,9,At Risk
CUST-01569,97,1,1565.28,4,1,1,411,6,Potential Loyalists
CUST-01572,427,5,68813.90125000001,2,4,4,244,10,At Risk
CUST-01573,35,8,78014.08,5,5,5,555,15,Champions
CUST-01574,451,1,10090.93,2,1,2,212,5,Lost Customers
CUST-01577,46,1,13517.69,4,1,2,412,7,Potential Loyalists
CUST-01578,415,3,45400.18,2,3,4,234,9,At Risk
CUST-01579,4,27,379581.705,5,5,5,555,15,Champions
CUST-01580,672,2,15110.61,1,3,2,132,6,Needs Attention
CUST-01582,15,4,52124.46125000001,5,4,4,544,13,Champions
CUST-01584,438,1,22527.42,2,1,3,213,6,Needs Attention
CUST-01589,344,1,41340.46,3,1,4,314,8,Needs Attention
CUST-01590,397,2,10450.470000000001,2,3,2,232,7,Needs Attention
CUST-01591,17,14,199567.4625,5,5,5,555,15,Champions
CUST-01594,155,6,17850.25,3,5,3,353,11,Loyal Customers
CUST-01595,367,2,4599.1,2,3,1,231,6,Needs Attention
CUST-01596,335,3,11263.61,3,3,2,332,8,Needs Attention
CUST-01597,424,1,3040.54,2,1,1,211,4,Lost Customers
CUST-01598,705,1,1961.47,1,1,1,111,3,Lost Customers
CUST-01599,399,1,3182.7,2,1,1,211,4,Lost Customers
CUST-01600,2,2,44711.231250000004,5,3,4,534,12,Loyal Customers
CUST-01602,118,5,55998.26125,4,4,4,444,12,Champions
CUST-01603,245,4,52270.490000000005,3,4,4,344,11,Loyal Customers
CUST-01604,701,1,4457.84,1,1,1,111,3,Lost Customers
CUST-01605,1,4,37839.509999999995,5,4,3,543,12,Loyal Customers
CUST-01606,762,1,11558.15,1,1,2,112,4,Lost Customers
CUST-01607,412,4,75535.80125,2,4,4,244,10,At Risk
CUST-01608,764,2,42180.981250000004,1,3,4,134,8,At Risk
CUST-01610,774,2,15705.09,1,3,2,132,6,Needs Attention
CUST-01611,385,5,51885.71000000001,2,4,4,244,10,At Risk
CUST-01612,22,9,148866.1025,5,5,5,555,15,Champions
CUST-01613,38,2,37704.700000000004,5,3,3,533,11,Loyal Customers
CUST-01614,26,1,265.21,5,1,1,511,7,Potential Loyalists
CUST-01615,15,3,12481.119999999999,5,3,2,532,10,Needs Attention
CUST-01616,353,2,23604.42,3,3,3,333,9,Loyal Customers
CUST-01617,802,2,82693.82250000001,1,3,5,135,9,At Risk
CUST-01618,627,1,2758.02,1,1,1,111,3,Lost Customers
CUST-01619,211,2,3707.04,3,3,1,331,7,Needs Attention
CUST-01620,929,1,15698.24,1,1,2,112,4,Lost Customers
CUST-01621,71,3,44588.03,4,3,4,434,11,Loyal Customers
CUST-01625,957,1,2945.55,1,1,1,111,3,Lost Customers
CUST-01626,409,1,41346.911250000005,2,1,4,214,7,Needs Attention
CUST-01628,8,3,7906.6900000000005,5,3,2,532,10,Needs Attention
CUST-01629,396,4,23889.489999999998,2,4,3,243,9,At Risk
CUST-01630,53,5,49794.88125,4,4,4,444,12,Champions
CUST-01632,19,7,17938.22,5,5,3,553,13,Loyal Customers
CUST-01633,28,5,55371.020000000004,5,4,4,544,13,Champions
CUST-01634,50,3,16398.16,4,3,2,432,9,Needs Attention
CUST-01635,48,2,12060.55,4,3,2,432,9,Needs Attention
CUST-01638,49,5,73285.85125,4,4,4,444,12,Champions
CUST-01639,686,2,13002.36,1,3,2,132,6,Needs Attention
CUST-01640,383,3,15948.74,2,3,2,232,7,Needs Attention
CUST-01641,70,1,25166.85,4,1,3,413,8,Potential Loyalists
CUST-01642,244,1,921.22,3,1,1,311,5,Needs Attention
CUST-01643,701,4,15487.529999999999,1,4,2,142,7,Needs Attention
CUST-01646,388,3,40755.08,2,3,3,233,8,At Risk
CUST-01647,1083,1,1100.51,1,1,1,111,3,Lost Customers
CUST-01648,747,1,603.1,1,1,1,111,3,Lost Customers
CUST-01650,129,5,75761.96,4,4,5,445,13,Champions
CUST-01652,689,4,33089.55,1,4,3,143,8,At Risk
CUST-01653,70,6,74553.31,4,5,4,454,13,Champions
CUST-01654,637,1,3287.51,1,1,1,111,3,Lost Customers
CUST-01655,22,2,22176.55,5,3,3,533,11,Loyal Customers
CUST-01658,78,9,115050.03,4,5,5,455,14,Champions
CUST-01660,702,5,72234.67,1,4,4,144,9,At Risk
CUST-01662,31,3,17669.510000000002,5,3,3,533,11,Loyal Customers
CUST-01663,135,15,177426.64125,3,5,5,355,13,Loyal Customers
CUST-01664,391,1,1067.48,2,1,1,211,4,Lost Customers
CUST-01665,410,4,86515.6625,2,4,5,245,11,At Risk
CUST-01666,822,1,5644.69,1,1,2,112,4,Lost Customers
CUST-01667,678,1,27702.35,1,1,3,113,5,Needs Attention
CUST-01668,921,1,41346.911250000005,1,1,4,114,6,Needs Attention
CUST-01669,940,3,14518.28,1,3,2,132,6,Needs Attention
CUST-01672,81,16,201167.59375,4,5,5,455,14,Champions
CUST-01673,4,34,411265.36375,5,5,5,555,15,Champions
CUST-01675,561,3,50619.67125000001,2,3,4,234,9,At Risk
CUST-01676,63,1,19264.88,4,1,3,413,8,Potential Loyalists
CUST-01677,414,3,39168.52,2,3,3,233,8,At Risk
CUST-01678,28,18,247905.18375000003,5,5,5,555,15,Champions
CUST-01679,674,1,4707.38,1,1,1,111,3,Lost Customers
CUST-01680,21,7,123512.46250000001,5,5,5,555,15,Champions
CUST-01681,8,4,57395.871250000004,5,4,4,544,13,Champions
CUST-01682,199,2,19851.809999999998,3,3,3,333,9,Loyal Customers
CUST-01683,508,1,10193.78,2,1,2,212,5,Lost Customers
CUST-01684,506,1,2475.87,2,1,1,211,4,Lost Customers
CUST-01685,369,4,121525.64250000002,2,4,5,245,11,At Risk
CUST-01686,40,1,3138.93,5,1,1,511,7,Potential Loyalists
CUST-01687,732,1,41346.911250000005,1,1,4,114,6,Needs Attention
CUST-01688,7,32,284282.0825,5,5,5,555,15,Champions
CUST-01689,85,1,9415.2,4,1,2,412,7,Potential Loyalists
CUST-01690,589,1,3201.72,2,1,1,211,4,Lost Customers
CUST-01696,812,1,4690.62,1,1,1,111,3,Lost Customers
CUST-01697,817,1,8835.34,1,1,2,112,4,Lost Customers
CUST-01698,88,3,15962.9,4,3,2,432,9,Needs Attention
CUST-01701,807,1,5492.63,1,1,2,112,4,Lost Customers
CUST-01704,409,2,25411.98,2,3,3,233,8,At Risk
CUST-01705,550,7,110567.61250000002,2,5,5,255,12,At Risk
CUST-01708,11,4,110422.75125,5,4,5,545,14,Champions
CUST-01710,811,1,5539.2,1,1,2,112,4,Lost Customers
CUST-01711,48,2,25357.45,4,3,3,433,10,Loyal Customers
CUST-01712,80,1,1610.35,4,1,1,411,6,Potential Loyalists
CUST-01713,226,16,142368.83000000002,3,5,5,355,13,Loyal Customers
CUST-01714,228,3,23324.49,3,3,3,333,9,Loyal Customers
CUST-01715,12,18,206881.90250000003,5,5,5,555,15,Champions
CUST-01717,49,3,61449.69125,4,3,4,434,11,Loyal Customers
CUST-01718,131,1,2271.41,4,1,1,411,6,Potential Loyalists
CUST-01719,816,4,43337.25,1,4,4,144,9,At Risk
CUST-01721,179,1,20005.89,3,1,3,313,7,Needs Attention
CUST-01723,395,4,21908.73,2,4,3,243,9,At Risk
CUST-01725,1094,1,17744.38,1,1,3,113,5,Needs Attention
CUST-01726,381,3,37096.02,2,3,3,233,8,At Risk
CUST-01727,30,4,69581.06125,5,4,4,544,13,Champions
CUST-01729,54,7,87850.57125000001,4,5,5,455,14,Champions
CUST-01730,975,1,5945.97,1,1,2,112,4,Lost Customers
CUST-01731,1014,1,3477.63,1,1,1,111,3,Lost Customers
CUST-01733,721,1,41346.911250000005,1,1,4,114,6,Needs Attention
CUST-01734,328,2,8537.14,3,3,2,332,8,Needs Attention
CUST-01735,1061,1,11974.57,1,1,2,112,4,Lost Customers
CUST-01736,2,12,147608.99125000002,5,5,5,555,15,Champions
CUST-01737,22,12,182901.83250000002,5,5,5,555,15,Champions
CUST-01738,235,1,38646.4,3,1,3,313,7,Needs Attention
CUST-01739,9,1,41346.911250000005,5,1,4,514,10,Potential Loyalists
CUST-01740,346,5,39889.490000000005,3,4,3,343,10,Loyal Customers
CUST-01742,397,5,59116.881250000006,2,4,4,244,10,At Risk
CUST-01743,20,9,155137.33125000002,5,5,5,555,15,Champions
CUST-01746,42,6,78292.87,4,5,5,455,14,Champions
CUST-01747,89,1,1986.11,4,1,1,411,6,Potential Loyalists
CUST-01748,398,4,16674.5,2,4,2,242,8,Needs Attention
CUST-01751,198,7,74130.84125,3,5,4,354,12,Loyal Customers
CUST-01752,76,3,49647.82,4,3,4,434,11,Loyal Customers
CUST-01753,7,7,112598.6,5,5,5,555,15,Champions
CUST-01755,152,3,35848.68,3,3,3,333,9,Loyal Customers
CUST-01757,15,7,40517.75,5,5,3,553,13,Loyal Customers
CUST-01758,359,2,45645.39125,2,3,4,234,9,At Risk
CUST-01760,479,1,19793.95,2,1,3,213,6,Needs Attention
CUST-01761,354,1,297.56,3,1,1,311,5,Needs Attention
CUST-01763,401,2,40510.17,2,3,3,233,8,At Risk
CUST-01765,767,1,4941.04,1,1,2,112,4,Lost Customers
CUST-01766,42,12,104483.49,4,5,5,455,14,Champions
CUST-01767,757,1,10728.48,1,1,2,112,4,Lost Customers
CUST-01768,630,1,41346.911250000005,1,1,4,114,6,Needs Attention
CUST-01769,647,1,387.41,1,1,1,111,3,Lost Customers
CUST-01771,446,1,4700.28,2,1,1,211,4,Lost Customers
CUST-01773,334,5,44259.96,3,4,4,344,11,Loyal Customers
CUST-01774,91,2,30785.55,4,3,3,433,10,Loyal Customers
CUST-01777,17,2,31319.39,5,3,3,533,11,Loyal Customers
CUST-01778,388,3,62980.19125,2,3,4,234,9,At Risk
CUST-01779,385,1,41346.911250000005,2,1,4,214,7,Needs Attention
CUST-01781,64,1,2464.16,4,1,1,411,6,Potential Loyalists
CUST-01782,264,7,106080.84250000001,3,5,5,355,13,Loyal Customers
CUST-01783,6,1,2296.37,5,1,1,511,7,Potential Loyalists
CUST-01784,224,3,5802.7300000000005,3,3,2,332,8,Needs Attention
CUST-01785,77,9,143394.89250000002,4,5,5,455,14,Champions
CUST-01789,622,7,55664.990000000005,2,5,4,254,11,At Risk
CUST-01790,351,3,56703.82,3,3,4,334,10,Loyal Customers
CUST-01791,52,4,9643.880000000001,4,4,2,442,10,Needs Attention
CUST-01793,355,2,4411.1,2,3,1,231,6,Needs Attention
CUST-01794,708,1,1759.95,1,1,1,111,3,Lost Customers
CUST-01795,392,2,14892.07,2,3,2,232,7,Needs Attention
CUST-01797,265,6,60209.48,3,5,4,354,12,Loyal Customers
CUST-01799,555,3,39926.91,2,3,3,233,8,At Risk
CUST-01800,739,1,37620.82,1,1,3,113,5,Needs Attention
CUST-01802,778,2,48668.01125,1,3,4,134,8,At Risk
CUST-01803,751,1,2434.04,1,1,1,111,3,Lost Customers
CUST-01805,964,1,1185.38,1,1,1,111,3,Lost Customers
CUST-01806,25,1,24288.5,5,1,3,513,9,Potential Loyalists
CUST-01807,6,65,735849.18375,5,5,5,555,15,Champions
CUST-01809,336,2,2663.88,3,3,1,331,7,Needs Attention
CUST-01810,423,3,42635.32125000001,2,3,4,234,9,At Risk
CUST-01811,261,1,5234.02,3,1,2,312,6,Needs Attention
CUST-01813,837,1,3585.13,1,1,1,111,3,Lost Customers
CUST-01814,919,1,2847.75,1,1,1,111,3,Lost Customers
CUST-01816,75,5,23773.63,4,4,3,443,11,Loyal Customers
CUST-01817,7,1,11534.25,5,1,2,512,8,Potential Loyalists
CUST-01818,641,1,41346.911250000005,1,1,4,114,6,Needs Attention
CUST-01820,126,8,90562.0,4,5,5,455,14,Champions
CUST-01821,508,2,11703.99,2,3,2,232,7,Needs Attention
CUST-01823,347,1,7399.85,3,1,2,312,6,Needs Attention
CUST-01824,196,3,96839.7525,3,3,5,335,11,Loyal Customers
CUST-01825,822,1,4209.62,1,1,1,111,3,Lost Customers
CUST-01826,401,4,22071.64,2,4,3,243,9,At Risk
CUST-01828,289,1,26287.15,3,1,3,313,7,Needs Attention
CUST-01829,33,6,107482.20999999999,5,5,5,555,15,Champions
CUST-01830,17,3,50836.36125,5,4,4,544,13,Champions
CUST-01831,259,1,21128.03,3,1,3,313,7,Needs Attention
CUST-01833,10,16,238206.325,5,5,5,555,15,Champions
CUST-01834,376,1,40621.41,2,1,3,213,6,Needs Attention
CUST-01836,256,1,10178.86,3,1,2,312,6,Needs Attention
CUST-01838,6,5,40486.44,5,4,3,543,12,Loyal Customers
CUST-01839,6,4,24138.59,5,4,3,543,12,Loyal Customers
CUST-01842,303,1,4371.03,3,1,1,311,5,Needs Attention
CUST-01845,113,3,25027.55,4,4,3,443,11,Loyal Customers
CUST-01848,74,1,2685.25,4,1,1,411,6,Potential Loyalists
CUST-01852,7,1,654.33,5,1,1,511,7,Potential Loyalists
CUST-01854,65,5,73896.35125,4,4,4,444,12,Champions
CUST-01855,34,2,43303.74125000001,5,3,4,534,12,Loyal Customers
CUST-01856,633,5,49892.85125000001,1,4,4,144,9,At Risk
CUST-01859,419,3,45485.39125,2,4,4,244,10,At Risk
CUST-01861,723,1,11974.08,1,2,2,122,5,Lost Customers
CUST-01862,729,2,3650.31,1,3,1,131,5,Needs Attention
CUST-01863,113,3,22390.739999999998,4,4,3,443,11,Loyal Customers
CUST-01865,68,3,8618.41,4,4,2,442,10,Needs Attention
CUST-01869,41,5,51547.58,5,4,4,544,13,Champions
CUST-01870,362,9,68206.19,2,5,4,254,11,At Risk
CUST-01871,187,3,27375.850000000002,3,4,3,343,10,Loyal Customers
CUST-01873,16,24,253152.92250000002,5,5,5,555,15,Champions
CUST-01874,265,1,8879.81,3,2,2,322,7,Needs Attention
CUST-01875,683,1,4866.19,1,2,1,121,4,Lost Customers
CUST-01876,343,2,4187.28,3,3,1,331,7,Needs Attention
CUST-01878,78,2,4303.65,4,3,1,431,8,Needs Attention
CUST-01879,56,1,27647.17,4,2,3,423,9,Potential Loyalists
CUST-01880,324,8,161827.32125,3,5,5,355,13,Loyal Customers
CUST-01881,872,1,12534.84,1,2,2,122,5,Lost Customers
CUST-01886,493,1,10862.85,2,2,2,222,6,Lost Customers
CUST-01887,309,3,42305.22,3,4,4,344,11,Loyal Customers
CUST-01888,37,4,37905.44,5,4,3,543,12,Loyal Customers
CUST-01889,292,2,56504.731250000004,3,3,4,334,10,Loyal Customers
CUST-01890,240,1,8679.44,3,2,2,322,7,Needs Attention
CUST-01891,10,2,8384.77,5,3,2,532,10,Needs Attention
CUST-01893,515,1,21003.85,2,2,3,223,7,Needs Attention
CUST-01894,94,5,40596.369999999995,4,4,3,443,11,Loyal Customers
CUST-01895,199,1,1365.6,3,2,1,321,6,Needs Attention
CUST-01897,1085,1,1807.0,1,2,1,121,4,Lost Customers
CUST-01898,5,11,60714.16,5,5,4,554,14,Champions
CUST-01899,188,8,144799.47,3,5,5,355,13,Loyal Customers
CUST-01900,529,3,20208.14,2,4,3,243,9,At Risk
CUST-01902,816,1,41346.911250000005,1,2,4,124,7,Needs Attention
CUST-01903,13,1,2075.46,5,2,1,521,8,Potential Loyalists
CUST-01906,132,3,46391.44125,4,4,4,444,12,Champions
CUST-01907,633,1,28920.19,1,2,3,123,6,Needs Attention
CUST-01908,76,6,59229.04,4,5,4,454,13,Champions
CUST-01909,426,3,50973.24125000001,2,4,4,244,10,At Risk
CUST-01910,337,1,20875.29,3,2,3,323,8,Needs Attention
CUST-01912,239,1,2251.67,3,2,1,321,6,Needs Attention
CUST-01913,687,4,76998.38125,1,4,5,145,10,At Risk
CUST-01916,405,3,42449.619999999995,2,4,4,244,10,At Risk
CUST-01917,498,2,17288.739999999998,2,3,3,233,8,At Risk
CUST-01918,110,8,84926.96125000001,4,5,5,455,14,Champions
CUST-01919,412,1,39200.4,2,2,3,223,7,Needs Attention
CUST-01921,66,3,27375.94,4,4,3,443,11,Loyal Customers
CUST-01922,420,2,51359.79125,2,3,4,234,9,At Risk
CUST-01923,315,6,102627.14125,3,5,5,355,13,Loyal Customers
CUST-01924,628,1,1303.72,1,2,1,121,4,Lost Customers
CUST-01925,23,3,31095.5,5,4,3,543,12,Loyal Customers
CUST-01926,214,9,138698.5325,3,5,5,355,13,Loyal Customers
CUST-01927,7,3,62415.981250000004,5,4,4,544,13,Champions
CUST-01931,870,1,20378.25,1,2,3,123,6,Needs Attention
CUST-01932,705,1,28831.9,1,2,3,123,6,Needs Attention
CUST-01934,821,1,535.8,1,2,1,121,4,Lost Customers
CUST-01936,816,1,28312.5,1,2,3,123,6,Needs Attention
CUST-01939,57,3,9506.92,4,4,2,442,10,Needs Attention
CUST-01940,502,2,10658.08,2,3,2,232,7,Needs Attention
CUST-01941,254,13,181046.77250000002,3,5,5,355,13,Loyal Customers
CUST-01942,394,2,6695.8099999999995,2,3,2,232,7,Needs Attention
CUST-01947,998,1,7413.52,1,2,2,122,5,Lost Customers
CUST-01953,78,4,17745.72,4,4,3,443,11,Loyal Customers
CUST-01954,172,2,14075.939999999999,3,3,2,332,8,Needs Attention
CUST-01955,648,1,1049.54,1,2,1,121,4,Lost Customers
CUST-01956,800,1,41346.911250000005,1,2,4,124,7,Needs Attention
CUST-01958,31,4,19094.95,5,4,3,543,12,Loyal Customers
CUST-01959,75,7,71820.96125000001,4,5,4,454,13,Champions
CUST-01960,315,4,93708.97125,3,4,5,345,12,Loyal Customers
CUST-01962,119,7,42610.8,4,5,4,454,13,Champions
CUST-01963,810,2,30342.4,1,3,3,133,7,At Risk
CUST-01966,251,2,9714.35,3,3,2,332,8,Needs Attention
CUST-01967,648,1,41346.911250000005,1,2,4,124,7,Needs Attention
CUST-01968,49,3,21142.24,4,4,3,443,11,Loyal Customers
CUST-01970,37,1,23319.94,5,2,3,523,10,Potential Loyalists
CUST-01972,50,4,27198.510000000002,4,4,3,443,11,Loyal Customers
CUST-01973,31,1,22335.33,5,2,3,523,10,Potential Loyalists
CUST-01974,19,4,84833.85125,5,4,5,545,14,Champions
CUST-01977,417,5,110587.08250000002,2,4,5,245,11,At Risk
CUST-01978,89,3,33424.659999999996,4,4,3,443,11,Loyal Customers
CUST-01980,5,54,704502.02875,5,5,5,555,15,Champions
CUST-01981,77,6,60467.22,4,5,4,454,13,Champions
CUST-01982,492,1,3079.82,2,2,1,221,5,Lost Customers
CUST-01983,307,4,125713.56375000002,3,4,5,345,12,Loyal Customers
CUST-01986,948,1,957.76,1,2,1,121,4,Lost Customers
CUST-01987,871,1,1622.87,1,2,1,121,4,Lost Customers
CUST-01990,1,53,635164.5475,5,5,5,555,15,Champions
CUST-01991,35,2,5500.12,5,3,2,532,10,Needs Attention
CUST-01992,797,1,6306.57,1,2,2,122,5,Lost Customers
CUST-01994,382,3,11388.78,2,4,2,242,8,Needs Attention
CUST-01995,2,485,5654584.452500001,5,5,5,555,15,Champions
CUST-01997,311,1,427.93,3,2,1,321,6,Needs Attention
CUST-01998,24,44,446770.0825,5,5,5,555,15,Champions
CUST-01999,130,4,53330.60125,4,4,4,444,12,Champions
CUST-02001,21,3,50858.051250000004,5,4,4,544,13,Champions
CUST-02002,351,2,8265.98,3,3,2,332,8,Needs Attention
CUST-02003,226,2,71352.27125,3,3,4,334,10,Loyal Customers
CUST-02004,15,3,48029.381250000006,5,4,4,544,13,Champions
CUST-02005,40,17,192002.24125000002,5,5,5,555,15,Champions
CUST-02006,40,6,71273.19,5,5,4,554,14,Champions
CUST-02008,81,8,185743.105,4,5,5,455,14,Champions
CUST-02009,797,1,529.01,1,2,1,121,4,Lost Customers
CUST-02010,1037,1,41346.911250000005,1,2,4,124,7,Needs Attention
CUST-02012,433,1,30332.57,2,2,3,223,7,Needs Attention
CUST-02013,632,1,802.72,1,2,1,121,4,Lost Customers
CUST-02014,433,2,11684.43,2,3,2,232,7,Needs Attention
CUST-02015,14,18,168003.65,5,5,5,555,15,Champions
CUST-02017,751,1,2079.83,1,2,1,121,4,Lost Customers
CUST-02018,9,2,7093.79,5,3,2,532,10,Needs Attention
CUST-02019,51,8,89563.78125,4,5,5,455,14,Champions
CUST-02020,17,16,246148.70375000002,5,5,5,555,15,Champions
CUST-02021,15,3,44964.21125000001,5,4,4,544,13,Champions
CUST-02024,263,1,6805.09,3,2,2,322,7,Needs Attention
CUST-02026,147,1,1428.8,3,2,1,321,6,Needs Attention
CUST-02027,17,10,264294.365,5,5,5,555,15,Champions
CUST-02028,45,2,46241.561250000006,4,3,4,434,11,Loyal Customers
CUST-02033,405,2,34735.369999999995,2,3,3,233,8,At Risk
CUST-02034,17,1,4769.0,5,2,1,521,8,Potential Loyalists
CUST-02036,499,3,44107.86,2,4,4,244,10,At Risk
CUST-02037,70,5,54203.979999999996,4,4,4,444,12,Champions
CUST-02038,10,5,15105.35,5,4,2,542,11,Needs Attention
CUST-02040,38,7,120621.17125000001,5,5,5,555,15,Champions
CUST-02043,261,1,17325.31,3,2,3,323,8,Needs Attention
CUST-02044,15,6,114140.63125,5,5,5,555,15,Champions
CUST-02049,408,1,2426.02,2,2,1,221,5,Lost Customers
CUST-02050,6,98,1202015.5675000001,5,5,5,555,15,Champions
CUST-02051,60,5,88568.79250000001,4,4,5,445,13,Champions
CUST-02052,432,1,30134.83,2,2,3,223,7,Needs Attention
CUST-02053,66,27,312066.04125,4,5,5,455,14,Champions
CUST-02056,754,1,41346.911250000005,1,2,4,124,7,Needs Attention
CUST-02057,801,1,2751.01,1,2,1,121,4,Lost Customers
CUST-02059,627,1,41346.911250000005,1,2,4,124,7,Needs Attention
CUST-02060,615,2,4611.28,2,3,1,231,6,Needs Attention
CUST-02061,201,7,75948.87125,3,5,5,355,13,Loyal Customers
CUST-02063,11,4,37883.130000000005,5,4,3,543,12,Loyal Customers
CUST-02065,354,1,1128.74,3,2,1,321,6,Needs Attention
CUST-02067,435,2,43696.561250000006,2,3,4,234,9,At Risk
CUST-02069,54,34,319592.36375,4,5,5,455,14,Champions
CUST-02070,118,4,87079.53250000002,4,4,5,445,13,Champions
CUST-02071,14,6,96445.36125,5,5,5,555,15,Champions
CUST-02072,454,2,3326.66,2,3,1,231,6,Needs Attention
CUST-02074,38,1,1626.58,5,2,1,521,8,Potential Loyalists
CUST-02077,707,2,29648.94,1,3,3,133,7,At Risk
CUST-02078,67,13,195555.17125,4,5,5,455,14,Champions
CUST-02079,450,1,19791.28,2,2,3,223,7,Needs Attention
CUST-02080,337,1,1336.25,3,2,1,321,6,Needs Attention
CUST-02082,504,2,40034.270000000004,2,3,3,233,8,At Risk
CUST-02083,23,3,26528.64,5,4,3,543,12,Loyal Customers
CUST-02085,851,1,10175.13,1,2,2,122,5,Lost Customers
CUST-02086,1,223,2876629.68,5,5,5,555,15,Champions
CUST-02087,517,3,28163.320000000003,2,4,3,243,9,At Risk
CUST-02088,6,4,14354.109999999999,5,4,2,542,11,Needs Attention
CUST-02089,28,6,166572.63375,5,5,5,555,15,Champions
CUST-02090,173,4,49180.811250000006,3,4,4,344,11,Loyal Customers
CUST-02091,5,9,110822.92,5,5,5,555,15,Champions
CUST-02092,1083,1,5286.64,1,2,2,122,5,Lost Customers
CUST-02093,144,1,5390.32,3,2,2,322,7,Needs Attention
CUST-02094,58,7,43369.509999999995,4,5,4,454,13,Champions
CUST-02095,57,5,127133.06125,4,4,5,445,13,Champions
CUST-02097,33,15,217472.1825,5,5,5,555,15,Champions
CUST-02098,29,5,105984.79250000001,5,4,5,545,14,Champions
CUST-02099,323,1,13621.38,3,2,2,322,7,Needs Attention
CUST-02100,508,1,2744.71,2,2,1,221,5,Lost Customers
CUST-02101,357,1,969.9,2,2,1,221,5,Lost Customers
CUST-02103,124,6,70067.32125000001,4,5,4,454,13,Champions
CUST-02104,429,2,6097.16,2,3,2,232,7,Needs Attention
CUST-02105,324,2,8705.93,3,3,2,332,8,Needs Attention
CUST-02106,589,1,327.78,2,2,1,221,5,Lost Customers
CUST-02107,945,1,599.52,1,2,1,121,4,Lost Customers
CUST-02110,2,3,30031.97,5,4,3,543,12,Loyal Customers
CUST-02111,469,2,11380.43,2,3,2,232,7,Needs Attention
CUST-02113,557,1,429.99,2,2,1,221,5,Lost Customers
CUST-02114,3,54,529783.97375,5,5,5,555,15,Champions
CUST-02117,1092,1,8720.29,1,2,2,122,5,Lost Customers
CUST-02118,218,1,3260.81,3,2,1,321,6,Needs Attention
CUST-02120,569,1,5412.49,2,2,2,222,6,Lost Customers
CUST-02123,786,1,1990.35,1,2,1,121,4,Lost Customers
CUST-02124,373,3,63585.25125,2,4,4,244,10,At Risk
CUST-02126,373,2,19966.420000000002,2,3,3,233,8,At Risk
CUST-02127,159,6,60203.19125,3,5,4,354,12,Loyal Customers
CUST-02128,6,3,15410.31,5,4,2,542,11,Needs Attention
CUST-02129,397,2,28072.12,2,3,3,233,8,At Risk
CUST-02131,227,4,39058.1,3,4,3,343,10,Loyal Customers
CUST-02132,188,1,37415.94,3,2,3,323,8,Needs Attention
CUST-02133,5,1,41346.911250000005,5,2,4,524,11,Potential Loyalists
CUST-02134,417,1,3225.59,2,2,1,221,5,Lost Customers
CUST-02135,1047,1,3615.61,1,2,1,121,4,Lost Customers
CUST-02139,37,10,84477.52125,5,5,5,555,15,Champions
CUST-02141,938,1,8246.43,1,2,2,122,5,Lost Customers
CUST-02143,9,6,94471.89,5,5,5,555,15,Champions
CUST-02144,34,6,21395.18,5,5,3,553,13,Loyal Customers
CUST-02147,717,2,25296.61,1,3,3,133,7,At Risk
CUST-02149,48,21,275523.455,4,5,5,455,14,Champions
CUST-02150,43,14,131547.53125,4,5,5,455,14,Champions
CUST-02152,729,1,4002.61,1,2,1,121,4,Lost Customers
CUST-02153,354,5,106892.4725,3,4,5,345,12,Loyal Customers
CUST-02154,66,6,150752.48375,4,5,5,455,14,Champions
CUST-02155,48,4,54345.67,4,4,4,444,12,Champions
CUST-02156,132,7,55899.53,4,5,4,454,13,Champions
CUST-02158,52,28,183443.99,4,5,5,455,14,Champions
CUST-02159,49,2,44082.35125000001,4,3,4,434,11,Loyal Customers
CUST-02162,479,8,85891.56999999999,2,5,5,255,12,At Risk
CUST-02163,56,1,7741.9,4,2,2,422,8,Potential Loyalists
CUST-02164,416,4,42916.68,2,4,4,244,10,At Risk
CUST-02165,323,4,47329.65,3,4,4,344,11,Loyal Customers
CUST-02166,19,3,66847.41125,5,4,4,544,13,Champions
CUST-02167,583,1,645.33,2,2,1,221,5,Lost Customers
CUST-02169,85,14,157541.91125,4,5,5,455,14,Champions
CUST-02170,638,1,3429.69,1,2,1,121,4,Lost Customers
CUST-02172,333,4,45802.69,3,4,4,344,11,Loyal Customers
CUST-02173,4,2,5384.33,5,3,2,532,10,Needs Attention
CUST-02174,543,2,10986.43,2,3,2,232,7,Needs Attention
CUST-02175,385,4,31130.81,2,4,3,243,9,At Risk
CUST-02176,27,6,137481.9525,5,5,5,555,15,Champions
CUST-02178,35,2,14835.57,5,3,2,532,10,Needs Attention
CUST-02179,346,1,1635.77,3,2,1,321,6,Needs Attention
CUST-02180,54,1,6087.34,4,2,2,422,8,Potential Loyalists
CUST-02181,6,12,215225.2025,5,5,5,555,15,Champions
CUST-02182,403,2,25284.309999999998,2,3,3,233,8,At Risk
CUST-02183,826,1,4227.98,1,2,1,121,4,Lost Customers
CUST-02184,770,2,5078.93,1,3,2,132,6,Needs Attention
CUST-02185,119,1,12622.54,4,2,2,422,8,Potential Loyalists
CUST-02186,32,11,31383.95,5,5,3,553,13,Loyal Customers
CUST-02188,413,1,4028.08,2,2,1,221,5,Lost Customers
CUST-02189,444,1,34652.45,2,2,3,223,7,Needs Attention
CUST-02190,768,4,103604.11125,1,4,5,145,10,At Risk
CUST-02192,274,1,3862.21,3,2,1,321,6,Needs Attention
CUST-02194,509,4,23930.31,2,4,3,243,9,At Risk
CUST-02195,819,1,6755.64,1,2,2,122,5,Lost Customers
CUST-02196,345,1,36826.28,3,2,3,323,8,Needs Attention
CUST-02197,5,10,108736.27125,5,5,5,555,15,Champions
CUST-02198,503,1,5144.31,2,2,2,222,6,Lost Customers
CUST-02201,335,18,271843.715,3,5,5,355,13,Loyal Customers
CUST-02202,9,8,64665.670000000006,5,5,4,554,14,Champions
CUST-02203,42,14,76716.84,4,5,5,455,14,Champions
CUST-02204,388,1,3750.79,2,2,1,221,5,Lost Customers
CUST-02205,8,23,296305.69125000003,5,5,5,555,15,Champions
CUST-02206,780,1,1699.67,1,2,1,121,4,Lost Customers
CUST-02207,477,1,21618.84,2,2,3,223,7,Needs Attention
CUST-02208,499,1,1181.78,2,2,1,221,5,Lost Customers
CUST-02209,979,1,5320.18,1,2,2,122,5,Lost Customers
CUST-02210,15,1,2501.87,5,2,1,521,8,Potential Loyalists
CUST-02211,316,12,86008.11,3,5,5,355,13,Loyal Customers
CUST-02212,344,2,39831.79,3,3,3,333,9,Loyal Customers
CUST-02213,54,5,91472.58125,4,4,5,445,13,Champions
CUST-02214,303,3,54934.61,3,4,4,344,11,Loyal Customers
CUST-02216,152,1,299.1,3,2,1,321,6,Needs Attention
CUST-02218,12,1,12257.83,5,2,2,522,9,Potential Loyalists
CUST-02220,192,3,45621.63999999999,3,4,4,344,11,Loyal Customers
CUST-02221,21,13,179848.83375000002,5,5,5,555,15,Champions
CUST-02223,21,2,21801.22,5,3,3,533,11,Loyal Customers
CUST-02224,207,2,57912.97125,3,3,4,334,10,Loyal Customers
CUST-02225,500,3,24291.690000000002,2,4,3,243,9,At Risk
CUST-02226,73,1,3514.8,4,2,1,421,7,Potential Loyalists
CUST-02227,793,1,1977.2,1,2,1,121,4,Lost Customers
CUST-02229,337,5,47896.3,3,4,4,344,11,Loyal Customers
CUST-02230,504,1,30268.47,2,2,3,223,7,Needs Attention
CUST-02232,122,4,21243.870000000003,4,4,3,443,11,Loyal Customers
CUST-02237,29,2,10086.35,5,3,2,532,10,Needs Attention
CUST-02238,293,1,2149.05,3,2,1,321,6,Needs Attention
CUST-02240,20,2,12934.86,5,3,2,532,10,Needs Attention
CUST-02241,51,1,5736.79,4,2,2,422,8,Potential Loyalists
CUST-02242,203,6,47434.69,3,5,4,354,12,Loyal Customers
CUST-02243,284,1,3483.64,3,2,1,321,6,Needs Attention
CUST-02245,84,10,114418.33,4,5,5,455,14,Champions
CUST-02246,37,7,60147.76125000001,5,5,4,554,14,Champions
CUST-02247,364,1,9625.53,2,2,2,222,6,Lost Customers
CUST-02248,257,8,24953.5,3,5,3,353,11,Loyal Customers
CUST-02249,118,8,63407.7,4,5,4,454,13,Champions
CUST-02250,73,2,22662.019999999997,4,3,3,433,10,Loyal Customers
CUST-02251,37,6,31746.86,5,5,3,553,13,Loyal Customers
CUST-02252,10,160,1867760.7125000001,5,5,5,555,15,Champions
CUST-02254,246,7,62719.77,3,5,4,354,12,Loyal Customers
CUST-02256,144,6,61054.36,3,5,4,354,12,Loyal Customers
CUST-02258,112,4,87931.47250000002,4,4,5,445,13,Champions
CUST-02261,327,2,21867.18,3,3,3,333,9,Loyal Customers
CUST-02262,366,1,640.37,2,2,1,221,5,Lost Customers
CUST-02263,57,9,61263.04125,4,5,4,454,13,Champions
CUST-02264,409,2,44175.92125000001,2,3,4,234,9,At Risk
CUST-02265,325,1,32512.17,3,2,3,323,8,Needs Attention
CUST-02268,443,3,35228.71,2,4,3,243,9,At Risk
CUST-02269,507,1,5416.76,2,2,2,222,6,Lost Customers
CUST-02270,617,1,1276.18,2,2,1,221,5,Lost Customers
CUST-02271,808,1,41346.911250000005,1,2,4,124,7,Needs Attention
CUST-02272,201,1,2204.96,3,2,1,321,6,Needs Attention
CUST-02273,740,3,12231.46,1,4,2,142,7,Needs Attention
CUST-02274,379,1,4615.56,2,2,1,221,5,Lost Customers
CUST-02276,86,1,1027.31,4,2,1,421,7,Potential Loyalists
CUST-02278,721,1,41346.911250000005,1,2,4,124,7,Needs Attention
CUST-02279,95,4,90581.18125000001,4,4,5,445,13,Champions
CUST-02280,714,2,42091.26125,1,3,4,134,8,At Risk
CUST-02281,14,45,576356.83625,5,5,5,555,15,Champions
CUST-02282,326,2,18378.82,3,3,3,333,9,Loyal Customers
CUST-02283,26,1,3555.44,5,2,1,521,8,Potential Loyalists
CUST-02284,7,62,643483.39875,5,5,5,555,15,Champions
CUST-02285,571,1,3421.12,2,2,1,221,5,Lost Customers
CUST-02287,85,1,29594.86,4,2,3,423,9,Potential Loyalists
CUST-02288,12,2,7121.73,5,3,2,532,10,Needs Attention
CUST-02289,436,1,9109.61,2,2,2,222,6,Lost Customers
CUST-02291,61,10,163573.61375000002,4,5,5,455,14,Champions
CUST-02293,51,3,15357.36,4,4,2,442,10,Needs Attention
CUST-02294,79,5,68717.11125,4,4,4,444,12,Champions
CUST-02295,58,1,495.21,4,2,1,421,7,Potential Loyalists
CUST-02296,98,2,4321.97,4,3,1,431,8,Needs Attention
CUST-02297,885,1,16445.12,1,2,2,122,5,Lost Customers
CUST-02298,276,8,104652.72250000002,3,5,5,355,13,Loyal Customers
CUST-02299,775,1,14918.89,1,2,2,122,5,Lost Customers
CUST-02300,40,4,48723.271250000005,5,4,4,544,13,Champions
CUST-02301,363,1,2520.17,2,2,1,221,5,Lost Customers
CUST-02303,450,1,1783.52,2,2,1,221,5,Lost Customers
CUST-02304,385,3,30299.72,2,4,3,243,9,At Risk
CUST-02305,270,1,5206.43,3,2,2,322,7,Needs Attention
CUST-02306,79,3,15280.18,4,4,2,442,10,Needs Attention
CUST-02307,384,2,35949.15,2,3,3,233,8,At Risk
CUST-02309,799,1,2660.09,1,2,1,121,4,Lost Customers
CUST-02310,703,1,409.7,1,2,1,121,4,Lost Customers
CUST-02311,14,217,2856395.75375,5,5,5,555,15,Champions
CUST-02312,346,3,26657.91,3,4,3,343,10,Loyal Customers
CUST-02313,1095,1,10064.12,1,2,2,122,5,Lost Customers
CUST-02314,373,2,3905.1900000000005,2,3,1,231,6,Needs Attention
CUST-02316,79,7,138304.84125,4,5,5,455,14,Champions
CUST-02317,366,6,56162.731250000004,2,5,4,254,11,At Risk
CUST-02318,87,2,55603.94125,4,3,4,434,11,Loyal Customers
CUST-02319,745,2,26422.07,1,3,3,133,7,At Risk
CUST-02321,34,3,38404.99,5,4,3,543,12,Loyal Customers
CUST-02322,23,7,50440.8,5,5,4,554,14,Champions
CUST-02323,365,2,40158.42,2,3,3,233,8,At Risk
CUST-02325,380,3,22367.210000000003,2,4,3,243,9,At Risk
CUST-02326,86,1,5854.25,4,2,2,422,8,Potential Loyalists
CUST-02327,468,1,1411.16,2,2,1,221,5,Lost Customers
CUST-02328,279,1,4237.92,3,2,1,321,6,Needs Attention
CUST-02330,152,2,9712.019999999999,3,3,2,332,8,Needs Attention
CUST-02331,439,3,19795.58,2,4,3,243,9,At Risk
CUST-02332,452,2,24890.75,2,3,3,233,8,At Risk
CUST-02333,736,1,6273.41,1,2,2,122,5,Lost Customers
CUST-02335,839,1,27708.18,1,2,3,123,6,Needs Attention
CUST-02337,27,5,55930.591250000005,5,4,4,544,13,Champions
CUST-02338,341,1,4065.43,3,2,1,321,6,Needs Attention
CUST-02339,339,5,59852.79125000001,3,4,4,344,11,Loyal Customers
CUST-02341,1,6,85308.98,5,5,5,555,15,Champions
CUST-02342,251,1,1395.92,3,2,1,321,6,Needs Attention
CUST-02343,81,5,76472.50125,4,4,5,445,13,Champions
CUST-02344,396,2,39724.15,2,3,3,233,8,At Risk
CUST-02346,588,1,9599.54,2,2,2,222,6,Lost Customers
CUST-02347,522,1,6063.77,2,2,2,222,6,Lost Customers
CUST-02349,22,22,166990.43,5,5,5,555,15,Champions
CUST-02351,15,3,51073.701250000006,5,4,4,544,13,Champions
CUST-02353,564,1,41346.911250000005,2,2,4,224,8,Needs Attention
CUST-02356,407,2,10785.27,2,3,2,232,7,Needs Attention
CUST-02357,127,1,6434.24,4,2,2,422,8,Potential Loyalists
CUST-02358,1,72,675518.9825,5,5,5,555,15,Champions
CUST-02360,650,1,2203.01,1,2,1,121,4,Lost Customers
CUST-02361,767,1,1528.07,1,2,1,121,4,Lost Customers
CUST-02363,10,1,4204.75,5,2,1,521,8,Potential Loyalists
CUST-02364,811,1,432.84,1,2,1,121,4,Lost Customers
CUST-02366,505,1,5545.24,2,2,2,222,6,Lost Customers
CUST-02368,114,3,67243.79,4,4,4,444,12,Champions
CUST-02369,945,1,41346.911250000005,1,2,4,124,7,Needs Attention
CUST-02370,68,8,55876.630000000005,4,5,4,454,13,Champions
CUST-02371,860,1,10142.67,1,2,2,122,5,Lost Customers
CUST-02372,487,1,2040.26,2,2,1,221,5,Lost Customers
CUST-02373,487,4,64823.740000000005,2,4,4,244,10,At Risk
CUST-02374,143,1,1713.96,3,2,1,321,6,Needs Attention
CUST-02377,408,1,943.29,2,2,1,221,5,Lost Customers
CUST-02379,25,3,17276.550000000003,5,4,3,543,12,Loyal Customers
CUST-02381,5,9,177537.55250000002,5,5,5,555,15,Champions
CUST-02382,435,1,1058.68,2,2,1,221,5,Lost Customers
CUST-02385,28,6,134467.88125,5,5,5,555,15,Champions
CUST-02387,34,28,327263.62375,5,5,5,555,15,Champions
CUST-02388,316,1,1655.63,3,2,1,321,6,Needs Attention
CUST-02389,10,9,147396.07375,5,5,5,555,15,Champions
CUST-02391,91,14,175861.13125,4,5,5,455,14,Champions
CUST-02392,197,6,22014.46,3,5,3,353,11,Loyal Customers
CUST-02393,391,2,24784.350000000002,2,3,3,233,8,At Risk
CUST-02394,21,5,15059.470000000001,5,4,2,542,11,Needs Attention
CUST-02395,80,1,38983.45,4,2,3,423,9,Potential Loyalists
CUST-02397,65,7,64830.42125000001,4,5,4,454,13,Champions
CUST-02398,199,1,5174.53,3,2,2,322,7,Needs Attention
CUST-02402,653,3,4919.139999999999,1,4,2,142,7,Needs Attention
CUST-02403,448,3,30575.699999999997,2,4,3,243,9,At Risk
CUST-02404,38,3,7216.83,5,4,2,542,11,Needs Attention
CUST-02406,430,1,1746.11,2,2,1,221,5,Lost Customers
CUST-02407,225,1,150.46,3,2,1,321,6,Needs Attention
CUST-02409,386,2,15959.330000000002,2,3,2,232,7,Needs Attention
CUST-02410,244,1,3863.85,3,2,1,321,6,Needs Attention
CUST-02411,19,5,29875.149999999998,5,4,3,543,12,Loyal Customers
CUST-02413,788,2,46443.67,1,3,4,134,8,At Risk
CUST-02415,312,1,2311.2,3,2,1,321,6,Needs Attention
CUST-02416,177,2,20468.96,3,3,3,333,9,Loyal Customers
CUST-02418,68,2,27694.510000000002,4,3,3,433,10,Loyal Customers
CUST-02419,47,1,6065.19,4,2,2,422,8,Potential Loyalists
CUST-02420,294,1,6493.71,3,2,2,322,7,Needs Attention
CUST-02422,564,2,44534.731250000004,2,3,4,234,9,At Risk
CUST-02423,70,7,82875.48,4,5,5,455,14,Champions
CUST-02424,410,5,109368.02,2,4,5,245,11,At Risk
CUST-02425,22,20,309638.01375,5,5,5,555,15,Champions
CUST-02426,2,16,196195.93125,5,5,5,555,15,Champions
CUST-02429,167,5,70232.05,3,4,4,344,11,Loyal Customers
CUST-02431,494,1,119.47,2,2,1,221,5,Lost Customers
CUST-02432,121,1,8820.55,4,2,2,422,8,Potential Loyalists
CUST-02434,321,3,63738.161250000005,3,4,4,344,11,Loyal Customers
CUST-02435,71,1,6371.67,4,2,2,422,8,Potential Loyalists
CUST-02436,51,4,22508.97,4,4,3,443,11,Loyal Customers
CUST-02439,49,7,76587.00125,4,5,5,455,14,Champions
CUST-02441,50,2,44477.950000000004,4,3,4,434,11,Loyal Customers
CUST-02442,734,2,4414.780000000001,1,3,1,131,5,Needs Attention
CUST-02443,299,12,82097.1,3,5,5,355,13,Loyal Customers
CUST-02444,37,13,172868.86250000002,5,5,5,555,15,Champions
CUST-02445,441,2,52345.409999999996,2,3,4,234,9,At Risk
CUST-02446,19,17,301851.69375000003,5,5,5,555,15,Champions
CUST-02447,99,1,21968.95,4,2,3,423,9,Potential Loyalists
CUST-02448,329,1,14071.09,3,2,2,322,7,Needs Attention
CUST-02449,145,10,156637.98125,3,5,5,355,13,Loyal Customers
CUST-02450,206,2,10115.470000000001,3,3,2,332,8,Needs Attention
CUST-02451,63,1,5448.68,4,2,2,422,8,Potential Loyalists
CUST-02452,10,12,142958.77125,5,5,5,555,15,Champions
CUST-02453,249,4,52565.67,3,4,4,344,11,Loyal Customers
CUST-02454,91,4,25064.48,4,4,3,443,11,Loyal Customers
CUST-02455,80,5,71383.54125000001,4,4,4,444,12,Champions
CUST-02456,447,1,37282.17,2,2,3,223,7,Needs Attention
CUST-02459,85,3,45741.24125000001,4,4,4,444,12,Champions
CUST-02460,74,7,61472.551250000004,4,5,4,454,13,Champions
CUST-02462,813,2,48439.149999999994,1,3,4,134,8,At Risk
CUST-02463,343,3,34116.08,3,4,3,343,10,Loyal Customers
CUST-02464,393,2,24453.0,2,3,3,233,8,At Risk
CUST-02466,160,5,100895.61125,3,4,5,345,12,Loyal Customers
CUST-02467,27,1,9027.37,5,2,2,522,9,Potential Loyalists
CUST-02469,423,1,1239.4,2,2,1,221,5,Lost Customers
CUST-02472,286,4,23175.879999999997,3,4,3,343,10,Loyal Customers
CUST-02473,150,5,71996.96125000001,3,4,4,344,11,Loyal Customers
CUST-02474,182,3,4522.29,3,4,1,341,8,Needs Attention
CUST-02475,230,3,48376.26125,3,4,4,344,11,Loyal Customers
CUST-02477,740,1,1237.43,1,2,1,121,4,Lost Customers
CUST-02478,5,21,162190.67125,5,5,5,555,15,Champions
CUST-02480,6,71,937677.06,5,5,5,555,15,Champions
CUST-02481,10,13,99769.0,5,5,5,555,15,Champions
CUST-02483,635,1,7254.74,1,2,2,122,5,Lost Customers
CUST-02484,873,1,742.23,1,2,1,121,4,Lost Customers
CUST-02485,331,2,36706.729999999996,3,3,3,333,9,Loyal Customers
CUST-02488,343,3,53673.481250000004,3,4,4,344,11,Loyal Customers
CUST-02489,319,2,4156.48,3,3,1,331,7,Needs Attention
CUST-02490,328,1,5208.84,3,2,2,322,7,Needs Attention
CUST-02492,439,2,51669.341250000005,2,3,4,234,9,At Risk
CUST-02495,292,2,36238.54,3,3,3,333,9,Loyal Customers
CUST-02497,978,1,6036.99,1,2,2,122,5,Lost Customers
CUST-02498,405,7,88746.78,2,5,5,255,12,At Risk
CUST-02499,45,3,117147.34125,4,4,5,445,13,Champions
CUST-02501,25,30,430854.215,5,5,5,555,15,Champions
CUST-02502,21,7,101880.39,5,5,5,555,15,Champions
CUST-02503,960,1,1091.2,1,2,1,121,4,Lost Customers
CUST-02504,16,6,68715.08,5,5,4,554,14,Champions
CUST-02505,7,2,3672.3599999999997,5,3,1,531,9,Needs Attention
CUST-02506,250,3,20686.11,3,4,3,343,10,Loyal Customers
CUST-02508,852,1,7442.9,1,2,2,122,5,Lost Customers
CUST-02509,123,9,133433.5525,4,5,5,455,14,Champions
CUST-02510,53,6,56724.37,4,5,4,454,13,Champions
CUST-02511,436,2,43016.021250000005,2,3,4,234,9,At Risk
CUST-02512,215,4,65981.96125000001,3,4,4,344,11,Loyal Customers
CUST-02516,762,1,5555.91,1,2,2,122,5,Lost Customers
CUST-02518,52,9,93670.22125,4,5,5,455,14,Champions
CUST-02519,85,5,67818.35,4,4,4,444,12,Champions
CUST-02520,704,1,10640.77,1,2,2,122,5,Lost Customers
CUST-02521,661,2,44567.92125000001,1,3,4,134,8,At Risk
CUST-02525,3,5,69919.47,5,4,4,544,13,Champions
CUST-02526,521,2,27786.27,2,3,3,233,8,At Risk
CUST-02527,14,20,189320.7225,5,5,5,555,15,Champions
CUST-02528,206,2,6073.89,3,3,2,332,8,Needs Attention
CUST-02531,283,2,7948.1900000000005,3,3,2,332,8,Needs Attention
CUST-02532,14,17,231002.85125,5,5,5,555,15,Champions
CUST-02535,304,10,111757.99,3,5,5,355,13,Loyal Customers
CUST-02536,402,3,21512.31,2,4,3,243,9,At Risk
CUST-02538,370,3,47696.479999999996,2,4,4,244,10,At Risk
CUST-02540,37,7,10730.69,5,5,2,552,12,Needs Attention
CUST-02542,37,1,23135.64,5,2,3,523,10,Potential Loyalists
CUST-02543,796,1,41346.911250000005,1,2,4,124,7,Needs Attention
CUST-02545,693,2,11606.2,1,3,2,132,6,Needs Attention
CUST-02549,380,1,2411.69,2,2,1,221,5,Lost Customers
CUST-02550,740,3,42066.31,1,4,4,144,9,At Risk
CUST-02551,29,16,261303.58250000002,5,5,5,555,15,Champions
CUST-02552,36,26,313715.01375,5,5,5,555,15,Champions
CUST-02555,404,2,13325.28,2,3,2,232,7,Needs Attention
CUST-02557,485,1,889.87,2,2,1,221,5,Lost Customers
CUST-02558,56,1,4337.3,4,2,1,421,7,Potential Loyalists
CUST-02559,57,9,83480.15125000001,4,5,5,455,14,Champions
CUST-02561,7,5,80926.30125,5,4,5,545,14,Champions
CUST-02564,350,3,16172.58,3,4,2,342,9,Needs Attention
CUST-02566,445,1,712.43,2,2,1,221,5,Lost Customers
CUST-02567,568,1,4644.95,2,2,1,221,5,Lost Customers
CUST-02568,62,1,6207.9,4,2,2,422,8,Potential Loyalists
CUST-02569,318,1,2080.13,3,2,1,321,6,Needs Attention
CUST-02571,399,4,81026.0,2,4,5,245,11,At Risk
CUST-02575,450,1,29512.4,2,2,3,223,7,Needs Attention
CUST-02577,459,1,15670.07,2,2,2,222,6,Lost Customers
CUST-02579,856,1,13680.07,1,2,2,122,5,Lost Customers
CUST-02581,721,1,7937.01,1,2,2,122,5,Lost Customers
CUST-02582,110,5,76124.91,4,4,5,445,13,Champions
CUST-02583,346,1,1974.23,3,2,1,321,6,Needs Attention
CUST-02586,9,5,45501.6,5,4,4,544,13,Champions
CUST-02587,411,1,5591.79,2,2,2,222,6,Lost Customers
CUST-02588,696,1,14328.66,1,2,2,122,5,Lost Customers
CUST-02593,420,2,45892.42125000001,2,3,4,234,9,At Risk
CUST-02594,206,7,50579.9,3,5,4,354,12,Loyal Customers
CUST-02595,99,2,38815.45,4,3,3,433,10,Loyal Customers
CUST-02596,1062,1,6876.8,1,2,2,122,5,Lost Customers
CUST-02597,664,2,32912.81,1,3,3,133,7,At Risk
CUST-02599,952,1,17770.1,1,2,3,123,6,Needs Attention
CUST-02600,121,2,16231.72,4,3,2,432,9,Needs Attention
CUST-02601,633,2,16298.16,1,3,2,132,6,Needs Attention
CUST-02604,376,5,10980.67,2,4,2,242,8,Needs Attention
CUST-02606,739,1,2553.09,1,2,1,121,4,Lost Customers
CUST-02607,348,2,23420.11,3,3,3,333,9,Loyal Customers
CUST-02608,192,2,20741.51,3,3,3,333,9,Loyal Customers
CUST-02609,26,1,1162.07,5,2,1,521,8,Potential Loyalists
CUST-02610,153,6,81633.89,3,5,5,355,13,Loyal Customers
CUST-02612,805,2,9713.28,1,3,2,132,6,Needs Attention
CUST-02614,354,6,101073.58125,3,5,5,355,13,Loyal Customers
CUST-02616,313,4,16974.03,3,4,3,343,10,Loyal Customers
CUST-02618,344,1,5134.98,3,2,2,322,7,Needs Attention
CUST-02620,242,1,35702.82,3,2,3,323,8,Needs Attention
CUST-02622,32,33,284967.1325,5,5,5,555,15,Champions
CUST-02626,836,3,80458.30125,1,4,5,145,10,At Risk
CUST-02627,215,1,6454.16,3,2,2,322,7,Needs Attention
CUST-02630,57,16,247354.4825,4,5,5,455,14,Champions
CUST-02631,216,4,95093.53250000002,3,4,5,345,12,Loyal Customers
CUST-02634,648,3,23655.28,1,4,3,143,8,At Risk
CUST-02635,863,1,4082.87,1,2,1,121,4,Lost Customers
CUST-02636,81,2,3721.13,4,3,1,431,8,Needs Attention
CUST-02637,807,1,1772.64,1,2,1,121,4,Lost Customers
CUST-02638,179,4,13362.359999999999,3,4,2,342,9,Needs Attention
CUST-02639,58,6,16795.03,4,5,2,452,11,Needs Attention
CUST-02640,617,1,9522.36,2,2,2,222,6,Lost Customers
CUST-02641,361,4,50198.58125,2,4,4,244,10,At Risk
CUST-02642,8,16,192739.78125,5,5,5,555,15,Champions
CUST-02643,115,33,455997.615,4,5,5,455,14,Champions
CUST-02644,84,7,81523.34125000001,4,5,5,455,14,Champions
CUST-02646,446,2,4776.06,2,3,1,231,6,Needs Attention
CUST-02647,377,4,57008.661250000005,2,4,4,244,10,At Risk
CUST-02649,1065,1,3661.2,1,2,1,121,4,Lost Customers
CUST-02651,432,3,8866.73,2,4,2,242,8,Needs Attention
CUST-02653,202,2,37324.11,3,3,3,333,9,Loyal Customers
CUST-02654,189,1,5372.75,3,2,2,322,7,Needs Attention
CUST-02658,559,3,5938.299999999999,2,4,2,242,8,Needs Attention
CUST-02659,288,1,17965.28,3,2,3,323,8,Needs Attention
CUST-02660,398,1,2906.35,2,2,1,221,5,Lost Customers
CUST-02662,478,1,1623.2,2,2,1,221,5,Lost Customers
CUST-02663,75,5,91343.7,4,4,5,445,13,Champions
CUST-02665,1071,1,6396.49,1,2,2,122,5,Lost Customers
CUST-02670,100,3,2762.05,4,4,1,441,9,Needs Attention
CUST-02671,195,2,3247.95,3,3,1,331,7,Needs Attention
CUST-02672,339,3,27916.36,3,4,3,343,10,Loyal Customers
CUST-02676,34,10,56547.22,5,5,4,554,14,Champions
CUST-02678,564,1,1738.7,2,2,1,221,5,Lost Customers
CUST-02679,171,2,15723.69,3,3,2,332,8,Needs Attention
CUST-02680,677,1,23220.04,1,2,3,123,6,Needs Attention
CUST-02682,669,1,8842.81,1,2,2,122,5,Lost Customers
CUST-02683,98,3,11281.68,4,4,2,442,10,Needs Attention
CUST-02684,45,8,121127.70125000001,4,5,5,455,14,Champions
CUST-02685,423,1,9473.67,2,2,2,222,6,Lost Customers
CUST-02686,551,3,27776.96,2,4,3,243,9,At Risk
CUST-02687,53,3,22955.940000000002,4,4,3,443,11,Loyal Customers
CUST-02689,24,2,5501.49,5,3,2,532,10,Needs Attention
CUST-02690,57,13,118824.10125,4,5,5,455,14,Champions
CUST-02691,48,2,17014.62,4,3,3,433,10,Loyal Customers
CUST-02693,808,3,12914.03,1,4,2,142,7,Needs Attention
CUST-02694,150,6,68414.89,3,5,4,354,12,Loyal Customers
CUST-02695,8,8,99943.89125000002,5,5,5,555,15,Champions
CUST-02696,48,2,7707.280000000001,4,3,2,432,9,Needs Attention
CUST-02698,733,3,63564.78,1,4,4,144,9,At Risk
CUST-02699,636,2,34919.11,1,3,3,133,7,At Risk
CUST-02700,81,9,99208.05125,4,5,5,455,14,Champions
CUST-02701,382,1,1667.6,2,2,1,221,5,Lost Customers
CUST-02702,437,2,9344.130000000001,2,3,2,232,7,Needs Attention
CUST-02704,725,1,14107.18,1,2,2,122,5,Lost Customers
CUST-02705,430,1,362.82,2,2,1,221,5,Lost Customers
CUST-02707,85,5,63382.841250000005,4,4,4,444,12,Champions
CUST-02709,76,5,45978.91,4,4,4,444,12,Champions
CUST-02710,25,5,65978.45,5,4,4,544,13,Champions
CUST-02711,313,1,1877.2,3,2,1,321,6,Needs Attention
CUST-02713,868,2,7760.52,1,3,2,132,6,Needs Attention
CUST-02714,575,1,4720.43,2,2,1,221,5,Lost Customers
CUST-02715,297,2,10615.779999999999,3,3,2,332,8,Needs Attention
CUST-02716,112,1,9742.57,4,2,2,422,8,Potential Loyalists
CUST-02719,63,3,37724.840000000004,4,4,3,443,11,Loyal Customers
CUST-02720,88,3,42871.43,4,4,4,444,12,Champions
CUST-02721,177,1,3092.22,3,2,1,321,6,Needs Attention
CUST-02722,40,6,70454.61,5,5,4,554,14,Champions
CUST-02723,1,84,999090.0425000001,5,5,5,555,15,Champions
CUST-02725,12,3,4514.57,5,4,1,541,10,Needs Attention
CUST-02727,7,18,150929.04,5,5,5,555,15,Champions
CUST-02730,707,2,43462.771250000005,1,3,4,134,8,At Risk
CUST-02731,1045,1,3485.64,1,2,1,121,4,Lost Customers
CUST-02732,662,1,1496.31,1,2,1,121,4,Lost Customers
CUST-02733,89,5,94801.84125,4,4,5,445,13,Champions
CUST-02736,35,22,244649.0325,5,5,5,555,15,Champions
CUST-02738,88,1,18412.12,4,2,3,423,9,Potential Loyalists
CUST-02739,530,3,50920.271250000005,2,4,4,244,10,At Risk
CUST-02740,435,1,9915.16,2,2,2,222,6,Lost Customers
CUST-02743,456,1,1156.18,2,2,1,221,5,Lost Customers
CUST-02744,734,2,36756.41,1,3,3,133,7,At Risk
CUST-02746,493,2,6093.67,2,3,2,232,7,Needs Attention
CUST-02747,243,2,36907.149999999994,3,3,3,333,9,Loyal Customers
CUST-02748,240,5,73456.23125,3,4,4,344,11,Loyal Customers
CUST-02749,121,2,18140.85,4,3,3,433,10,Loyal Customers
CUST-02750,145,7,90710.06125000001,3,5,5,355,13,Loyal Customers
CUST-02754,33,1,2636.39,5,2,1,521,8,Potential Loyalists
CUST-02755,59,2,20104.21,4,3,3,433,10,Loyal Customers
CUST-02756,812,1,35081.52,1,2,3,123,6,Needs Attention
CUST-02757,18,2,10870.779999999999,5,3,2,532,10,Needs Attention
CUST-02759,37,4,91499.04250000001,5,4,5,545,14,Champions
CUST-02760,452,1,941.37,2,2,1,221,5,Lost Customers
CUST-02761,193,3,15479.95,3,4,2,342,9,Needs Attention
CUST-02762,73,3,93910.76125000001,4,4,5,445,13,Champions
CUST-02764,57,9,62560.05125000001,4,5,4,454,13,Champions
CUST-02765,978,1,4277.94,1,2,1,121,4,Lost Customers
CUST-02766,50,15,255755.37125,4,5,5,455,14,Champions
CUST-02770,341,2,11539.490000000002,3,3,2,332,8,Needs Attention
CUST-02771,904,1,41346.911250000005,1,2,4,124,7,Needs Attention
CUST-02772,33,4,62168.22125000001,5,4,4,544,13,Champions
CUST-02773,940,1,41346.911250000005,1,2,4,124,7,Needs Attention
CUST-02774,954,1,4082.1,1,2,1,121,4,Lost Customers
CUST-02775,549,2,5258.4,2,3,2,232,7,Needs Attention
CUST-02777,747,1,901.37,1,2,1,121,4,Lost Customers
CUST-02781,887,1,8979.17,1,2,2,122,5,Lost Customers
CUST-02782,47,20,217746.7125,4,5,5,455,14,Champions
CUST-02784,62,1,9310.43,4,2,2,422,8,Potential Loyalists
CUST-02788,284,3,28547.71,3,4,3,343,10,Loyal Customers
CUST-02789,37,23,300569.83999999997,5,5,5,555,15,Champions
CUST-02790,15,9,96437.57125000001,5,5,5,555,15,Champions
CUST-02791,76,2,7157.22,4,3,2,432,9,Needs Attention
CUST-02794,22,4,28346.12,5,4,3,543,12,Loyal Customers
CUST-02795,443,1,12693.06,2,2,2,222,6,Lost Customers
CUST-02796,802,2,37774.21,1,3,3,133,7,At Risk
CUST-02799,212,3,13312.2,3,4,2,342,9,Needs Attention
CUST-02800,447,1,5290.19,2,2,2,222,6,Lost Customers
CUST-02801,13,62,732194.83625,5,5,5,555,15,Champions
CUST-02802,145,1,3045.7,3,2,1,321,6,Needs Attention
CUST-02804,287,2,15424.09,3,3,2,332,8,Needs Attention
CUST-02805,441,1,1816.9,2,2,1,221,5,Lost Customers
CUST-02806,338,7,90774.1,3,5,5,355,13,Loyal Customers
CUST-02807,246,2,43127.47125,3,3,4,334,10,Loyal Customers
CUST-02808,120,3,36861.45,4,4,3,443,11,Loyal Customers
CUST-02810,91,3,9749.85,4,4,2,442,10,Needs Attention
CUST-02811,501,4,64039.561250000006,2,4,4,244,10,At Risk
CUST-02813,52,3,55437.951250000006,4,4,4,444,12,Champions
CUST-02816,897,1,30594.8,1,2,3,123,6,Needs Attention
CUST-02817,403,6,47735.02,2,5,4,254,11,At Risk
CUST-02818,770,1,2015.93,1,2,1,121,4,Lost Customers
CUST-02821,306,1,501.2,3,2,1,321,6,Needs Attention
CUST-02824,950,1,4790.45,1,2,1,121,4,Lost Customers
CUST-02825,533,1,10466.93,2,2,2,222,6,Lost Customers
CUST-02827,62,8,85512.8,4,5,5,455,14,Champions
CUST-02828,656,3,17196.63,1,4,3,143,8,At Risk
CUST-02829,470,1,23999.91,2,2,3,223,7,Needs Attention
CUST-02830,293,1,2732.73,3,2,1,321,6,Needs Attention
CUST-02831,79,2,15148.33,4,3,2,432,9,Needs Attention
CUST-02832,705,3,10946.26,1,4,2,142,7,Needs Attention
CUST-02834,563,1,1674.16,2,2,1,221,5,Lost Customers
CUST-02838,564,1,1212.55,2,2,1,221,5,Lost Customers
CUST-02839,338,3,17938.67,3,4,3,343,10,Loyal Customers
CUST-02840,31,3,20865.85,5,4,3,543,12,Loyal Customers
CUST-02841,142,11,168083.23125,3,5,5,355,13,Loyal Customers
CUST-02842,38,6,23630.57,5,5,3,553,13,Loyal Customers
CUST-02843,808,1,3492.98,1,2,1,121,4,Lost Customers
CUST-02844,17,77,935410.6925,5,5,5,555,15,Champions
CUST-02845,2,10,45441.48,5,5,4,554,14,Champions
CUST-02846,489,8,73137.47,2,5,4,254,11,At Risk
CUST-02849,138,1,547.43,3,2,1,321,6,Needs Attention
CUST-02854,35,5,12891.51,5,4,2,542,11,Needs Attention
CUST-02855,96,11,108115.24125,4,5,5,455,14,Champions
CUST-02856,684,4,64186.880000000005,1,4,4,144,9,At Risk
CUST-02857,71,2,5612.280000000001,4,3,2,432,9,Needs Attention
CUST-02859,17,25,488278.45625000005,5,5,5,555,15,Champions
CUST-02860,17,2,3233.2200000000003,5,3,1,531,9,Needs Attention
CUST-02861,338,7,63004.44,3,5,4,354,12,Loyal Customers
CUST-02864,710,2,8722.14,1,3,2,132,6,Needs Attention
CUST-02865,40,3,62685.50125,5,4,4,544,13,Champions
CUST-02866,88,1,5832.42,4,2,2,422,8,Potential Loyalists
CUST-02867,175,4,45952.64125,3,4,4,344,11,Loyal Customers
CUST-02868,233,4,10525.32,3,4,2,342,9,Needs Attention
CUST-02870,9,4,44552.15,5,4,4,544,13,Champions
CUST-02871,709,1,23229.33,1,2,3,123,6,Needs Attention
CUST-02875,811,1,41346.911250000005,1,2,4,124,7,Needs Attention
CUST-02876,166,6,67341.34,3,5,4,354,12,Loyal Customers
CUST-02877,28,14,191182.54125,5,5,5,555,15,Champions
CUST-02878,47,7,45319.84,4,5,4,454,13,Champions
CUST-02879,710,3,8012.58,1,4,2,142,7,Needs Attention
CUST-02880,410,1,3424.8,2,2,1,221,5,Lost Customers
CUST-02881,489,1,4788.57,2,2,1,221,5,Lost Customers
CUST-02883,50,3,61481.97125,4,4,4,444,12,Champions
CUST-02884,714,2,42632.78125000001,1,3,4,134,8,At Risk
CUST-02890,396,4,76547.58125,2,4,5,245,11,At Risk
CUST-02891,55,6,83793.32125000001,4,5,5,455,14,Champions
CUST-02892,705,1,1082.96,1,2,1,121,4,Lost Customers
CUST-02893,96,1,41346.911250000005,4,2,4,424,10,Potential Loyalists
CUST-02894,1071,1,30077.48,1,2,3,123,6,Needs Attention
CUST-02895,166,3,62239.90125000001,3,4,4,344,11,Loyal Customers
CUST-02897,585,1,15806.82,2,2,2,222,6,Lost Customers
CUST-02898,197,11,196616.42375000002,3,5,5,355,13,Loyal Customers
CUST-02899,26,6,81643.26,5,5,5,555,15,Champions
CUST-02902,3,18,257254.4825,5,5,5,555,15,Champions
CUST-02904,752,1,12283.44,1,2,2,122,5,Lost Customers
CUST-02905,364,1,2196.78,2,2,1,221,5,Lost Customers
CUST-02906,426,1,19737.4,2,2,3,223,7,Needs Attention
CUST-02908,52,7,159895.86250000002,4,5,5,455,14,Champions
CUST-02909,88,4,101432.82,4,4,5,445,13,Champions
CUST-02911,472,1,9556.99,2,2,2,222,6,Lost Customers
CUST-02912,103,1,8010.49,4,2,2,422,8,Potential Loyalists
CUST-02913,446,1,543.16,2,2,1,221,5,Lost Customers
CUST-02914,12,1,23138.4,5,2,3,523,10,Potential Loyalists
CUST-02916,461,1,31273.22,2,2,3,223,7,Needs Attention
CUST-02917,816,1,3039.58,1,2,1,121,4,Lost Customers
CUST-02918,410,1,5919.08,2,2,2,222,6,Lost Customers
CUST-02919,83,3,36605.64,4,4,3,443,11,Loyal Customers
CUST-02920,441,2,36888.770000000004,2,3,3,233,8,At Risk
CUST-02921,2,3,48281.380000000005,5,4,4,544,13,Champions
CUST-02922,1079,1,316.59,1,2,1,121,4,Lost Customers
CUST-02923,326,4,37411.409999999996,3,4,3,343,10,Loyal Customers
CUST-02924,478,2,30170.489999999998,2,3,3,233,8,At Risk
CUST-02926,237,1,3142.8,3,2,1,321,6,Needs Attention
CUST-02927,748,1,10801.88,1,2,2,122,5,Lost Customers
CUST-02929,244,4,55764.51125,3,4,4,344,11,Loyal Customers
CUST-02930,285,2,3433.6,3,3,1,331,7,Needs Attention
CUST-02931,526,1,24432.33,2,2,3,223,7,Needs Attention
CUST-02932,113,2,4637.42,4,3,1,431,8,Needs Attention
CUST-02933,25,4,45906.28,5,4,4,544,13,Champions
CUST-02935,69,4,47463.47125000001,4,4,4,444,12,Champions
CUST-02938,484,2,8945.75,2,3,2,232,7,Needs Attention
CUST-02939,472,5,61461.85999999999,2,4,4,244,10,At Risk
CUST-02940,630,1,4477.85,1,2,1,121,4,Lost Customers
CUST-02942,3,10,119558.16,5,5,5,555,15,Champions
CUST-02944,14,3,16093.14,5,4,2,542,11,Needs Attention
CUST-02945,663,2,29268.43,1,3,3,133,7,At Risk
CUST-02946,310,13,83615.36,3,5,5,355,13,Loyal Customers
CUST-02948,214,3,12448.77,3,4,2,342,9,Needs Attention
CUST-02950,18,5,18308.690000000002,5,4,3,543,12,Loyal Customers
CUST-02951,371,1,166.79,2,2,1,221,5,Lost Customers
CUST-02953,283,5,49696.33,3,4,4,344,11,Loyal Customers
CUST-02955,483,2,16184.0,2,3,2,232,7,Needs Attention
CUST-02958,228,2,5798.740000000001,3,3,2,332,8,Needs Attention
CUST-02960,304,2,43535.371250000004,3,3,4,334,10,Loyal Customers
CUST-02964,896,1,3276.17,1,2,1,121,4,Lost Customers
CUST-02965,784,1,1260.42,1,2,1,121,4,Lost Customers
CUST-02967,274,6,36664.6,3,5,3,353,11,Loyal Customers
CUST-02968,2,5,52521.69125,5,4,4,544,13,Champions
CUST-02970,214,2,2475.9799999999996,3,3,1,331,7,Needs Attention
CUST-02971,337,3,53315.64125,3,4,4,344,11,Loyal Customers
CUST-02972,585,2,43698.841250000005,2,3,4,234,9,At Risk
CUST-02974,1082,1,32382.32,1,2,3,123,6,Needs Attention
CUST-02976,356,1,2769.05,2,2,1,221,5,Lost Customers
CUST-02977,7,5,42162.81,5,4,4,544,13,Champions
CUST-02978,42,1,3265.88,4,2,1,421,7,Potential Loyalists
CUST-02979,561,4,79653.07125000001,2,4,5,245,11,At Risk
CUST-02980,14,3,43488.65125,5,4,4,544,13,Champions
CUST-02981,33,5,28069.079999999998,5,4,3,543,12,Loyal Customers
CUST-02982,88,10,76609.85,4,5,5,455,14,Champions
CUST-02983,718,1,21544.58,1,2,3,123,6,Needs Attention
CUST-02984,46,4,61398.2,4,4,4,444,12,Champions
CUST-02985,94,20,217292.53125,4,5,5,455,14,Champions
CUST-02986,15,54,652302.545,5,5,5,555,15,Champions
CUST-02987,217,1,664.53,3,2,1,321,6,Needs Attention
CUST-02988,14,10,190675.1725,5,5,5,555,15,Champions
CUST-02990,727,1,2871.08,1,2,1,121,4,Lost Customers
CUST-02991,80,6,19864.94,4,5,3,453,12,Loyal Customers
CUST-02992,362,3,31863.05,2,4,3,243,9,At Risk
CUST-02993,82,5,32398.86,4,4,3,443,11,Loyal Customers
CUST-02994,428,1,14806.25,2,2,2,222,6,Lost Customers
CUST-02995,55,4,54241.12,4,4,4,444,12,Champions
CUST-02996,34,5,51570.17,5,4,4,544,13,Champions
CUST-02997,79,4,76756.09125000001,4,4,5,445,13,Champions
CUST-02999,516,1,1352.88,2,2,1,221,5,Lost Customers
CUST-03000,30,4,41463.93,5,4,4,544,13,Champions
CUST-03001,22,1,1501.85,5,2,1,521,8,Potential Loyalists
CUST-03003,12,5,65756.49125,5,4,4,544,13,Champions
CUST-03004,381,2,61787.561250000006,2,3,4,234,9,At Risk
CUST-03006,53,2,3513.25,4,3,1,431,8,Needs Attention
CUST-03008,858,1,40658.15,1,2,3,123,6,Needs Attention
CUST-03009,36,6,46164.48,5,5,4,554,14,Champions
CUST-03011,12,20,289325.84500000003,5,5,5,555,15,Champions
CUST-03013,478,3,10750.77,2,4,2,242,8,Needs Attention
CUST-03014,142,10,149343.73125,3,5,5,355,13,Loyal Customers
CUST-03015,541,4,20788.69,2,4,3,243,9,At Risk
CUST-03016,1079,1,1456.6,1,2,1,121,4,Lost Customers
CUST-03017,326,1,4524.77,3,2,1,321,6,Needs Attention
CUST-03018,821,1,1687.44,1,2,1,121,4,Lost Customers
CUST-03019,19,3,62384.731250000004,5,4,4,544,13,Champions
CUST-03020,86,31,265983.12125,4,5,5,455,14,Champions
CUST-03021,19,3,25432.55,5,4,3,543,12,Loyal Customers
CUST-03022,710,2,10817.88,1,3,2,132,6,Needs Attention
CUST-03023,190,6,39530.44,3,5,3,353,11,Loyal Customers
CUST-03024,1068,1,41346.911250000005,1,2,4,124,7,Needs Attention
CUST-03025,850,1,41346.911250000005,1,2,4,124,7,Needs Attention
CUST-03026,44,6,118903.67250000002,4,5,5,455,14,Champions
CUST-03027,314,18,261894.94375,3,5,5,355,13,Loyal Customers
CUST-03028,6,6,100580.0525,5,5,5,555,15,Champions
CUST-03030,26,4,70553.18,5,4,4,544,13,Champions
CUST-03031,761,3,8329.02,1,4,2,142,7,Needs Attention
CUST-03033,856,1,41346.911250000005,1,2,4,124,7,Needs Attention
CUST-03034,1,15,190299.42375000002,5,5,5,555,15,Champions
CUST-03038,30,3,8115.46,5,4,2,542,11,Needs Attention
CUST-03039,271,4,91544.93250000001,3,4,5,345,12,Loyal Customers
CUST-03040,770,2,3046.37,1,3,1,131,5,Needs Attention
CUST-03041,749,1,3843.38,1,2,1,121,4,Lost Customers
CUST-03042,346,4,29518.379999999997,3,4,3,343,10,Loyal Customers
CUST-03044,156,3,58865.36125,3,4,4,344,11,Loyal Customers
CUST-03046,136,1,2750.0,3,2,1,321,6,Needs Attention
CUST-03047,411,2,6380.73,2,3,2,232,7,Needs Attention
CUST-03049,62,3,49139.61125,4,4,4,444,12,Champions
CUST-03051,536,5,44501.51125,2,4,4,244,10,At Risk
CUST-03052,926,1,41346.911250000005,1,2,4,124,7,Needs Attention
CUST-03053,164,1,1492.61,3,2,1,321,6,Needs Attention
CUST-03055,46,8,79788.73125000001,4,5,5,455,14,Champions
CUST-03056,433,1,9582.86,2,2,2,222,6,Lost Customers
CUST-03057,171,5,56166.66,3,4,4,344,11,Loyal Customers
CUST-03058,11,1,2050.53,5,2,1,521,8,Potential Loyalists
CUST-03059,93,5,16680.21,4,4,2,442,10,Needs Attention
CUST-03060,38,9,136135.0725,5,5,5,555,15,Champions
CUST-03063,1022,1,5647.63,1,2,2,122,5,Lost Customers
CUST-03064,10,23,395426.54500000004,5,5,5,555,15,Champions
CUST-03065,340,2,14178.22,3,3,2,332,8,Needs Attention
CUST-03066,674,2,51075.36125,1,3,4,134,8,At Risk
CUST-03067,351,3,67297.98125000001,3,4,4,344,11,Loyal Customers
CUST-03068,151,7,75650.00125,3,5,5,355,13,Loyal Customers
CUST-03069,500,2,3242.57,2,3,1,231,6,Needs Attention
CUST-03072,116,5,98492.95125000001,4,4,5,445,13,Champions
CUST-03073,100,5,98470.56125,4,4,5,445,13,Champions
CUST-03074,256,1,16016.14,3,2,2,322,7,Needs Attention
CUST-03075,265,3,25871.64,3,4,3,343,10,Loyal Customers
CUST-03078,3,3,45829.801250000004,5,4,4,544,13,Champions
CUST-03080,459,2,5802.26,2,3,2,232,7,Needs Attention
CUST-03081,306,1,9319.15,3,2,2,322,7,Needs Attention
CUST-03082,1,33,437008.10500000004,5,5,5,555,15,Champions
CUST-03083,182,1,1604.52,3,2,1,321,6,Needs Attention
CUST-03084,734,2,8803.11,1,3,2,132,6,Needs Attention
CUST-03086,22,31,315619.03375,5,5,5,555,15,Champions
CUST-03089,435,1,10741.53,2,2,2,222,6,Lost Customers
CUST-03090,375,1,41346.911250000005,2,2,4,224,8,Needs Attention
CUST-03092,64,9,51749.15,4,5,4,454,13,Champions
CUST-03093,63,23,222213.97250000003,4,5,5,455,14,Champions
CUST-03094,736,1,41346.911250000005,1,2,4,124,7,Needs Attention
CUST-03095,11,30,326503.35250000004,5,5,5,555,15,Champions
CUST-03098,230,7,165120.7025,3,5,5,355,13,Loyal Customers
CUST-03100,402,4,96415.72125,2,4,5,245,11,At Risk
CUST-03103,373,2,3368.7200000000003,2,3,1,231,6,Needs Attention
CUST-03105,720,3,47144.911250000005,1,4,4,144,9,At Risk
CUST-03106,469,2,12793.62,2,3,2,232,7,Needs Attention
CUST-03107,845,1,23522.73,1,2,3,123,6,Needs Attention
CUST-03108,372,2,15935.3,2,3,2,232,7,Needs Attention
CUST-03110,35,17,167611.70125,5,5,5,555,15,Champions
CUST-03111,648,1,18645.99,1,2,3,123,6,Needs Attention
CUST-03114,1085,1,2678.89,1,2,1,121,4,Lost Customers
CUST-03115,15,2,10046.39,5,3,2,532,10,Needs Attention
CUST-03117,357,3,10527.58,2,4,2,242,8,Needs Attention
CUST-03118,214,3,53624.700000000004,3,4,4,344,11,Loyal Customers
CUST-03119,673,1,18824.43,1,2,3,123,6,Needs Attention
CUST-03120,62,12,60235.020000000004,4,5,4,454,13,Champions
CUST-03121,4,61,649164.6375000001,5,5,5,555,15,Champions
CUST-03123,38,12,234584.725,5,5,5,555,15,Champions
CUST-03124,797,1,2347.39,1,2,1,121,4,Lost Customers
CUST-03125,706,2,5570.45,1,3,2,132,6,Needs Attention
CUST-03126,14,9,138620.44125,5,5,5,555,15,Champions
CUST-03127,425,2,30309.49,2,3,3,233,8,At Risk
CUST-03128,93,2,8476.5,4,3,2,432,9,Needs Attention
CUST-03129,643,1,3144.66,1,2,1,121,4,Lost Customers
CUST-03130,112,3,21781.35,4,4,3,443,11,Loyal Customers
CUST-03133,1,9,129230.0025,5,5,5,555,15,Champions
CUST-03134,153,1,1941.83,3,2,1,321,6,Needs Attention
CUST-03135,87,7,111156.90125000001,4,5,5,455,14,Champions
CUST-03136,473,1,3068.7,2,2,1,221,5,Lost Customers
CUST-03137,47,4,18933.25,4,4,3,443,11,Loyal Customers
CUST-03138,618,2,16684.72,2,3,2,232,7,Needs Attention
CUST-03139,355,1,39622.2,2,2,3,223,7,Needs Attention
CUST-03141,548,4,57128.42,2,4,4,244,10,At Risk
CUST-03142,845,1,28279.73,1,2,3,123,6,Needs Attention
CUST-03143,424,2,4100.65,2,3,1,231,6,Needs Attention
CUST-03144,396,1,41346.911250000005,2,2,4,224,8,Needs Attention
CUST-03145,747,1,13982.55,1,2,2,122,5,Lost Customers
CUST-03147,919,1,2920.36,1,2,1,121,4,Lost Customers
CUST-03148,35,1,41191.99,5,2,3,523,10,Potential Loyalists
CUST-03149,617,3,32273.98,2,4,3,243,9,At Risk
CUST-03150,449,2,22358.78,2,3,3,233,8,At Risk
CUST-03151,874,2,20224.25,1,3,3,133,7,At Risk
CUST-03152,61,14,194613.55125,4,5,5,455,14,Champions
CUST-03153,841,1,17111.56,1,2,3,123,6,Needs Attention
CUST-03154,156,15,215242.0625,3,5,5,355,13,Loyal Customers
CUST-03155,120,3,91115.04125000001,4,4,5,445,13,Champions
CUST-03156,33,7,71444.47,5,5,4,554,14,Champions
CUST-03157,617,1,24868.0,2,2,3,223,7,Needs Attention
CUST-03158,441,9,99528.87250000001,2,5,5,255,12,At Risk
CUST-03159,60,1,21366.7,4,2,3,423,9,Potential Loyalists
CUST-03161,370,3,50830.86,2,4,4,244,10,At Risk
CUST-03164,86,3,44778.15,4,4,4,444,12,Champions
CUST-03165,36,15,198380.1825,5,5,5,555,15,Champions
CUST-03166,377,1,12794.53,2,2,2,222,6,Lost Customers
CUST-03167,383,4,80173.65125000001,2,4,5,245,11,At Risk
CUST-03168,810,1,2520.89,1,2,1,121,4,Lost Customers
CUST-03169,7,37,455182.66625,5,5,5,555,15,Champions
CUST-03170,17,8,179429.5125,5,5,5,555,15,Champions
CUST-03171,652,3,34572.979999999996,1,4,3,143,8,At Risk
CUST-03172,153,4,86325.79125000001,3,4,5,345,12,Loyal Customers
CUST-03173,764,1,10055.57,1,2,2,122,5,Lost Customers
CUST-03174,80,7,33680.12,4,5,3,453,12,Loyal Customers
CUST-03175,166,1,21846.64,3,2,3,323,8,Needs Attention
CUST-03176,99,3,9238.26,4,4,2,442,10,Needs Attention
CUST-03177,1064,1,26667.3,1,2,3,123,6,Needs Attention
CUST-03178,1092,1,4054.56,1,2,1,121,4,Lost Customers
CUST-03179,20,5,64020.869999999995,5,4,4,544,13,Champions
CUST-03181,4,3,14715.560000000001,5,4,2,542,11,Needs Attention
CUST-03182,749,1,2531.24,1,2,1,121,4,Lost Customers
CUST-03184,768,2,13810.43,1,3,2,132,6,Needs Attention
CUST-03185,44,3,47938.520000000004,4,4,4,444,12,Champions
CUST-03186,17,3,15605.75,5,4,2,542,11,Needs Attention
CUST-03187,91,3,51444.18,4,4,4,444,12,Champions
CUST-03189,191,16,257415.93375000003,3,5,5,355,13,Loyal Customers
CUST-03191,40,11,142395.46,5,5,5,555,15,Champions
CUST-03193,748,1,17965.74,1,2,3,123,6,Needs Attention
CUST-03195,769,1,3612.4,1,2,1,121,4,Lost Customers
CUST-03196,771,1,30748.91,1,2,3,123,6,Needs Attention
CUST-03197,937,1,5316.15,1,2,2,122,5,Lost Customers
CUST-03198,511,4,25678.71,2,4,3,243,9,At Risk
CUST-03199,336,1,6832.47,3,2,2,322,7,Needs Attention
CUST-03200,5,3,5023.4,5,4,2,542,11,Needs Attention
